participant,condition,gender,age,region,distanceLondon,stimulus,response,reactionTime
f1,maleFace,female,20,northern,189.4,1,bee,2.991709904
f1,maleFace,female,20,northern,189.4,1,bee,2.343224347
f1,maleFace,female,20,northern,189.4,1,bee,2.288629699
f1,maleFace,female,20,northern,189.4,2,bee,2.728816949
f1,maleFace,female,20,northern,189.4,2,bee,2.321841402
f1,maleFace,female,20,northern,189.4,2,bee,2.099053388
f1,maleFace,female,20,northern,189.4,3,bee,2.380829248
f1,maleFace,female,20,northern,189.4,3,boo,2.750443574
f1,maleFace,female,20,northern,189.4,3,boo,3.311799854
f1,maleFace,female,20,northern,189.4,4,bee,2.497552437
f1,maleFace,female,20,northern,189.4,4,boo,2.579924982
f1,maleFace,female,20,northern,189.4,4,boo,2.355354725
f1,maleFace,female,20,northern,189.4,5,boo,2.973974548
f1,maleFace,female,20,northern,189.4,5,boo,2.483774568
f1,maleFace,female,20,northern,189.4,5,boo,2.249314732
f1,maleFace,female,20,northern,189.4,6,boo,2.368677018
f1,maleFace,female,20,northern,189.4,6,boo,2.45295464
f1,maleFace,female,20,northern,189.4,6,boo,2.566664272
f1,maleFace,female,20,northern,189.4,7,boo,2.449394127
f1,maleFace,female,20,northern,189.4,7,boo,2.251424089
f1,maleFace,female,20,northern,189.4,7,boo,2.78342484
f1,maleFace,female,20,northern,189.4,8,boo,2.44844821
f1,maleFace,female,20,northern,189.4,8,boo,2.517108773
f1,maleFace,female,20,northern,189.4,8,boo,2.394230671
f1,maleFace,female,20,northern,189.4,9,boo,2.618273505
f1,maleFace,female,20,northern,189.4,9,boo,2.36070609
f1,maleFace,female,20,northern,189.4,9,boo,2.281199437
f1,maleFace,female,20,northern,189.4,10,boo,2.460012429
f1,maleFace,female,20,northern,189.4,10,boo,2.530210893
f1,maleFace,female,20,northern,189.4,10,boo,2.416303602
f1,maleFace,female,20,northern,189.4,11,boo,2.546083882
f1,maleFace,female,20,northern,189.4,11,boo,2.419355234
f1,maleFace,female,20,northern,189.4,11,boo,2.413960497
f2,maleFace,female,22,midlands,80.889,1,bee,2.379599384
f2,maleFace,female,22,midlands,80.889,1,bee,2.345955601
f2,maleFace,female,22,midlands,80.889,1,bee,2.450583211
f2,maleFace,female,22,midlands,80.889,2,boo,2.601183307
f2,maleFace,female,22,midlands,80.889,2,boo,2.833351102
f2,maleFace,female,22,midlands,80.889,2,boo,2.630725247
f2,maleFace,female,22,midlands,80.889,3,boo,2.331735064
f2,maleFace,female,22,midlands,80.889,3,boo,2.566053272
f2,maleFace,female,22,midlands,80.889,3,boo,2.481624977
f2,maleFace,female,22,midlands,80.889,4,boo,2.546606519
f2,maleFace,female,22,midlands,80.889,4,boo,2.433163375
f2,maleFace,female,22,midlands,80.889,4,boo,2.510329267
f2,maleFace,female,22,midlands,80.889,5,boo,2.412551194
f2,maleFace,female,22,midlands,80.889,5,boo,2.385286142
f2,maleFace,female,22,midlands,80.889,5,boo,2.279977486
f2,maleFace,female,22,midlands,80.889,6,boo,2.318903107
f2,maleFace,female,22,midlands,80.889,6,boo,2.381281971
f2,maleFace,female,22,midlands,80.889,6,boo,2.261093582
f2,maleFace,female,22,midlands,80.889,7,boo,2.416905988
f2,maleFace,female,22,midlands,80.889,7,boo,2.310393166
f2,maleFace,female,22,midlands,80.889,7,boo,2.326269141
f2,maleFace,female,22,midlands,80.889,8,boo,2.399595411
f2,maleFace,female,22,midlands,80.889,8,boo,2.348229179
f2,maleFace,female,22,midlands,80.889,8,boo,2.278673333
f2,maleFace,female,22,midlands,80.889,9,boo,2.665009684
f2,maleFace,female,22,midlands,80.889,9,boo,2.362232523
f2,maleFace,female,22,midlands,80.889,9,boo,2.287170361
f2,maleFace,female,22,midlands,80.889,10,boo,2.466458854
f2,maleFace,female,22,midlands,80.889,10,boo,2.647595146
f2,maleFace,female,22,midlands,80.889,10,boo,2.206593938
f2,maleFace,female,22,midlands,80.889,11,boo,2.756704687
f2,maleFace,female,22,midlands,80.889,11,boo,2.700197328
f2,maleFace,female,22,midlands,80.889,11,boo,2.384601453
f3,maleFace,female,23,southern,68.847,1,bee,2.062884103
f3,maleFace,female,23,southern,68.847,1,bee,2.21751552
f3,maleFace,female,23,southern,68.847,1,bee,2.254116576
f3,maleFace,female,23,southern,68.847,2,bee,2.479935438
f3,maleFace,female,23,southern,68.847,2,bee,2.203614813
f3,maleFace,female,23,southern,68.847,2,bee,2.31892231
f3,maleFace,female,23,southern,68.847,3,bee,2.466864767
f3,maleFace,female,23,southern,68.847,3,bee,2.777059943
f3,maleFace,female,23,southern,68.847,3,bee,2.590880858
f3,maleFace,female,23,southern,68.847,4,bee,4.860212558
f3,maleFace,female,23,southern,68.847,4,boo,3.106126111
f3,maleFace,female,23,southern,68.847,4,boo,2.780034764
f3,maleFace,female,23,southern,68.847,5,boo,2.315147582
f3,maleFace,female,23,southern,68.847,5,boo,2.233765292
f3,maleFace,female,23,southern,68.847,5,boo,4.205098416
f3,maleFace,female,23,southern,68.847,6,boo,2.161734567
f3,maleFace,female,23,southern,68.847,6,boo,2.366558843
f3,maleFace,female,23,southern,68.847,6,boo,2.029635969
f3,maleFace,female,23,southern,68.847,7,boo,2.174832387
f3,maleFace,female,23,southern,68.847,7,boo,2.302214313
f3,maleFace,female,23,southern,68.847,7,boo,2.252253547
f3,maleFace,female,23,southern,68.847,8,boo,2.080046021
f3,maleFace,female,23,southern,68.847,8,boo,2.232047941
f3,maleFace,female,23,southern,68.847,8,boo,2.140181767
f3,maleFace,female,23,southern,68.847,9,boo,2.246070157
f3,maleFace,female,23,southern,68.847,9,boo,2.232187991
f3,maleFace,female,23,southern,68.847,9,boo,2.202729154
f3,maleFace,female,23,southern,68.847,10,boo,2.205567236
f3,maleFace,female,23,southern,68.847,10,boo,2.156509014
f3,maleFace,female,23,southern,68.847,10,boo,2.220400285
f3,maleFace,female,23,southern,68.847,11,boo,2.547817968
f3,maleFace,female,23,southern,68.847,11,boo,2.205405665
f3,maleFace,female,23,southern,68.847,11,boo,2.065966858
f4,maleFace,female,22,northern,182.227,1,bee,2.23505999
f4,maleFace,female,22,northern,182.227,1,bee,2.20252675
f4,maleFace,female,22,northern,182.227,1,bee,2.07165719
f4,maleFace,female,22,northern,182.227,2,bee,1.954543779
f4,maleFace,female,22,northern,182.227,2,bee,2.275975766
f4,maleFace,female,22,northern,182.227,2,bee,2.347865273
f4,maleFace,female,22,northern,182.227,3,bee,2.559011543
f4,maleFace,female,22,northern,182.227,3,boo,2.574286617
f4,maleFace,female,22,northern,182.227,3,boo,2.366050374
f4,maleFace,female,22,northern,182.227,4,boo,2.210012208
f4,maleFace,female,22,northern,182.227,4,boo,2.457529146
f4,maleFace,female,22,northern,182.227,4,boo,2.348721767
f4,maleFace,female,22,northern,182.227,5,bee,2.635548322
f4,maleFace,female,22,northern,182.227,5,boo,2.332725484
f4,maleFace,female,22,northern,182.227,5,boo,2.631962803
f4,maleFace,female,22,northern,182.227,6,boo,2.283045573
f4,maleFace,female,22,northern,182.227,6,boo,2.362456458
f4,maleFace,female,22,northern,182.227,6,boo,2.178615829
f4,maleFace,female,22,northern,182.227,7,boo,2.150572186
f4,maleFace,female,22,northern,182.227,7,boo,2.289999687
f4,maleFace,female,22,northern,182.227,7,boo,2.145818085
f4,maleFace,female,22,northern,182.227,8,boo,2.634898487
f4,maleFace,female,22,northern,182.227,8,boo,2.130515021
f4,maleFace,female,22,northern,182.227,8,boo,2.124436526
f4,maleFace,female,22,northern,182.227,9,boo,1.88881767
f4,maleFace,female,22,northern,182.227,9,boo,2.289834546
f4,maleFace,female,22,northern,182.227,9,boo,2.186544929
f4,maleFace,female,22,northern,182.227,10,boo,1.976341922
f4,maleFace,female,22,northern,182.227,10,boo,2.277684556
f4,maleFace,female,22,northern,182.227,10,boo,2.041995724
f4,maleFace,female,22,northern,182.227,11,boo,1.98080586
f4,maleFace,female,22,northern,182.227,11,boo,2.227254046
f4,maleFace,female,22,northern,182.227,11,boo,2.421327817
f5,femaleFace,female,21,other,76.867,1,bee,2.636183314
f5,femaleFace,female,21,other,76.867,1,bee,2.408186739
f5,femaleFace,female,21,other,76.867,1,bee,2.389353478
f5,femaleFace,female,21,other,76.867,2,bee,2.480938289
f5,femaleFace,female,21,other,76.867,2,bee,2.410637781
f5,femaleFace,female,21,other,76.867,2,bee,2.47304549
f5,femaleFace,female,21,other,76.867,3,bee,2.581083372
f5,femaleFace,female,21,other,76.867,3,bee,2.446383331
f5,femaleFace,female,21,other,76.867,3,boo,2.450180906
f5,femaleFace,female,21,other,76.867,4,bee,3.098785968
f5,femaleFace,female,21,other,76.867,4,boo,2.559122988
f5,femaleFace,female,21,other,76.867,4,boo,2.65599229
f5,femaleFace,female,21,other,76.867,5,boo,2.493400098
f5,femaleFace,female,21,other,76.867,5,boo,2.65205334
f5,femaleFace,female,21,other,76.867,5,boo,2.55760462
f5,femaleFace,female,21,other,76.867,6,boo,2.476518931
f5,femaleFace,female,21,other,76.867,6,boo,2.351485988
f5,femaleFace,female,21,other,76.867,6,boo,2.298573542
f5,femaleFace,female,21,other,76.867,7,boo,2.506687971
f5,femaleFace,female,21,other,76.867,7,boo,2.421868937
f5,femaleFace,female,21,other,76.867,7,boo,2.450756006
f5,femaleFace,female,21,other,76.867,8,boo,2.397409835
f5,femaleFace,female,21,other,76.867,8,boo,2.436708618
f5,femaleFace,female,21,other,76.867,8,boo,2.252604336
f5,femaleFace,female,21,other,76.867,9,boo,2.701494662
f5,femaleFace,female,21,other,76.867,9,boo,2.316301631
f5,femaleFace,female,21,other,76.867,9,boo,2.236278071
f5,femaleFace,female,21,other,76.867,10,boo,2.620868522
f5,femaleFace,female,21,other,76.867,10,boo,2.307154672
f5,femaleFace,female,21,other,76.867,10,boo,2.383764387
f5,femaleFace,female,21,other,76.867,11,boo,2.443969039
f5,femaleFace,female,21,other,76.867,11,boo,2.334750499
f5,femaleFace,female,21,other,76.867,11,boo,2.385767799
f6,maleFace,female,19,other,344.732,1,bee,3.78021528
f6,maleFace,female,19,other,344.732,1,bee,2.591497478
f6,maleFace,female,19,other,344.732,1,bee,2.990226301
f6,maleFace,female,19,other,344.732,2,bee,2.766893649
f6,maleFace,female,19,other,344.732,2,bee,2.723943343
f6,maleFace,female,19,other,344.732,2,bee,2.662015772
f6,maleFace,female,19,other,344.732,3,bee,3.597565647
f6,maleFace,female,19,other,344.732,3,bee,3.446875545
f6,maleFace,female,19,other,344.732,3,boo,3.921039972
f6,maleFace,female,19,other,344.732,4,bee,3.631650096
f6,maleFace,female,19,other,344.732,4,boo,2.733214451
f6,maleFace,female,19,other,344.732,4,boo,2.741854837
f6,maleFace,female,19,other,344.732,5,boo,2.673532646
f6,maleFace,female,19,other,344.732,5,boo,2.86224217
f6,maleFace,female,19,other,344.732,5,boo,2.531671319
f6,maleFace,female,19,other,344.732,6,boo,2.595504628
f6,maleFace,female,19,other,344.732,6,boo,2.55094292
f6,maleFace,female,19,other,344.732,6,boo,2.31987673
f6,maleFace,female,19,other,344.732,7,boo,2.843506268
f6,maleFace,female,19,other,344.732,7,boo,2.546069314
f6,maleFace,female,19,other,344.732,7,boo,2.551527289
f6,maleFace,female,19,other,344.732,8,boo,2.721469127
f6,maleFace,female,19,other,344.732,8,boo,2.566591433
f6,maleFace,female,19,other,344.732,8,boo,2.4583166
f6,maleFace,female,19,other,344.732,9,boo,2.580911291
f6,maleFace,female,19,other,344.732,9,boo,2.631130951
f6,maleFace,female,19,other,344.732,9,boo,2.683531152
f6,maleFace,female,19,other,344.732,10,boo,2.670687943
f6,maleFace,female,19,other,344.732,10,boo,2.63797254
f6,maleFace,female,19,other,344.732,10,boo,2.569292112
f6,maleFace,female,19,other,344.732,11,boo,2.629530144
f6,maleFace,female,19,other,344.732,11,boo,2.605899778
f6,maleFace,female,19,other,344.732,11,boo,2.461098396
f7,femaleFace,female,26,midlands,112.967,1,bee,2.079187233
f7,femaleFace,female,26,midlands,112.967,1,bee,2.062791109
f7,femaleFace,female,26,midlands,112.967,1,bee,2.415818972
f7,femaleFace,female,26,midlands,112.967,2,bee,2.553284257
f7,femaleFace,female,26,midlands,112.967,2,bee,2.098037047
f7,femaleFace,female,26,midlands,112.967,2,bee,2.251014453
f7,femaleFace,female,26,midlands,112.967,3,bee,3.169463916
f7,femaleFace,female,26,midlands,112.967,3,bee,2.133232992
f7,femaleFace,female,26,midlands,112.967,3,bee,2.381255736
f7,femaleFace,female,26,midlands,112.967,4,boo,2.420821707
f7,femaleFace,female,26,midlands,112.967,4,boo,2.310763528
f7,femaleFace,female,26,midlands,112.967,4,boo,2.08093074
f7,femaleFace,female,26,midlands,112.967,5,boo,2.55193971
f7,femaleFace,female,26,midlands,112.967,5,boo,2.365243674
f7,femaleFace,female,26,midlands,112.967,5,boo,2.365603566
f7,femaleFace,female,26,midlands,112.967,6,boo,2.171706042
f7,femaleFace,female,26,midlands,112.967,6,boo,2.268752806
f7,femaleFace,female,26,midlands,112.967,6,boo,2.227454916
f7,femaleFace,female,26,midlands,112.967,7,boo,2.862226803
f7,femaleFace,female,26,midlands,112.967,7,boo,2.225334299
f7,femaleFace,female,26,midlands,112.967,7,boo,2.191001169
f7,femaleFace,female,26,midlands,112.967,8,boo,2.286811652
f7,femaleFace,female,26,midlands,112.967,8,boo,2.215683756
f7,femaleFace,female,26,midlands,112.967,8,boo,2.226429537
f7,femaleFace,female,26,midlands,112.967,9,boo,3.020286073
f7,femaleFace,female,26,midlands,112.967,9,boo,1.944168354
f7,femaleFace,female,26,midlands,112.967,9,boo,2.269893072
f7,femaleFace,female,26,midlands,112.967,10,boo,2.342619791
f7,femaleFace,female,26,midlands,112.967,10,boo,2.182193244
f7,femaleFace,female,26,midlands,112.967,10,boo,2.047663382
f7,femaleFace,female,26,midlands,112.967,11,boo,2.269443786
f7,femaleFace,female,26,midlands,112.967,11,boo,2.263951041
f7,femaleFace,female,26,midlands,112.967,11,boo,2.130223405
f8,maleFace,female,21,midlands,87.712,1,bee,2.2717065
f8,maleFace,female,21,midlands,87.712,1,bee,2.181765629
f8,maleFace,female,21,midlands,87.712,1,bee,2.481918492
f8,maleFace,female,21,midlands,87.712,2,bee,2.164543128
f8,maleFace,female,21,midlands,87.712,2,bee,2.29756078
f8,maleFace,female,21,midlands,87.712,2,bee,2.340425335
f8,maleFace,female,21,midlands,87.712,3,bee,2.267680147
f8,maleFace,female,21,midlands,87.712,3,bee,2.862664637
f8,maleFace,female,21,midlands,87.712,3,boo,2.336563201
f8,maleFace,female,21,midlands,87.712,4,boo,2.336915809
f8,maleFace,female,21,midlands,87.712,4,boo,2.823277824
f8,maleFace,female,21,midlands,87.712,4,boo,2.447168889
f8,maleFace,female,21,midlands,87.712,5,boo,2.231138037
f8,maleFace,female,21,midlands,87.712,5,boo,2.232942794
f8,maleFace,female,21,midlands,87.712,5,boo,2.426629223
f8,maleFace,female,21,midlands,87.712,6,boo,2.246208139
f8,maleFace,female,21,midlands,87.712,6,boo,2.493465826
f8,maleFace,female,21,midlands,87.712,6,boo,2.063648232
f8,maleFace,female,21,midlands,87.712,7,boo,2.176587092
f8,maleFace,female,21,midlands,87.712,7,boo,2.102925455
f8,maleFace,female,21,midlands,87.712,7,boo,2.255805368
f8,maleFace,female,21,midlands,87.712,8,boo,2.113474891
f8,maleFace,female,21,midlands,87.712,8,boo,2.454899116
f8,maleFace,female,21,midlands,87.712,8,boo,2.273153021
f8,maleFace,female,21,midlands,87.712,9,boo,2.399562501
f8,maleFace,female,21,midlands,87.712,9,boo,2.430024524
f8,maleFace,female,21,midlands,87.712,9,boo,2.285333393
f8,maleFace,female,21,midlands,87.712,10,boo,2.280209155
f8,maleFace,female,21,midlands,87.712,10,boo,2.030207416
f8,maleFace,female,21,midlands,87.712,10,boo,2.513595936
f8,maleFace,female,21,midlands,87.712,11,boo,3.067873899
f8,maleFace,female,21,midlands,87.712,11,boo,2.147214678
f8,maleFace,female,21,midlands,87.712,11,boo,2.22829499
f9,maleFace,female,20,northern,258.357,1,bee,2.176575017
f9,maleFace,female,20,northern,258.357,1,bee,2.219691572
f9,maleFace,female,20,northern,258.357,1,bee,2.184188047
f9,maleFace,female,20,northern,258.357,2,bee,2.317524669
f9,maleFace,female,20,northern,258.357,2,bee,2.303579256
f9,maleFace,female,20,northern,258.357,2,bee,2.301697023
f9,maleFace,female,20,northern,258.357,3,bee,2.687291001
f9,maleFace,female,20,northern,258.357,3,boo,2.269635486
f9,maleFace,female,20,northern,258.357,3,boo,2.228609087
f9,maleFace,female,20,northern,258.357,4,boo,2.288468084
f9,maleFace,female,20,northern,258.357,4,boo,2.287385096
f9,maleFace,female,20,northern,258.357,4,boo,2.248131672
f9,maleFace,female,20,northern,258.357,5,boo,2.293028817
f9,maleFace,female,20,northern,258.357,5,boo,2.306632878
f9,maleFace,female,20,northern,258.357,5,boo,2.248488254
f9,maleFace,female,20,northern,258.357,6,boo,2.690059887
f9,maleFace,female,20,northern,258.357,6,boo,2.303894783
f9,maleFace,female,20,northern,258.357,6,boo,2.116029014
f9,maleFace,female,20,northern,258.357,7,boo,2.138029128
f9,maleFace,female,20,northern,258.357,7,boo,2.15201394
f9,maleFace,female,20,northern,258.357,7,boo,2.082091534
f9,maleFace,female,20,northern,258.357,8,boo,2.167214506
f9,maleFace,female,20,northern,258.357,8,boo,2.234891476
f9,maleFace,female,20,northern,258.357,8,boo,2.150823018
f9,maleFace,female,20,northern,258.357,9,boo,2.265932932
f9,maleFace,female,20,northern,258.357,9,boo,2.182933556
f9,maleFace,female,20,northern,258.357,9,boo,2.214214389
f9,maleFace,female,20,northern,258.357,10,boo,2.168352786
f9,maleFace,female,20,northern,258.357,10,boo,2.221895623
f9,maleFace,female,20,northern,258.357,10,boo,2.281256663
f9,maleFace,female,20,northern,258.357,11,boo,2.276195326
f9,maleFace,female,20,northern,258.357,11,boo,2.353482777
f9,maleFace,female,20,northern,258.357,11,boo,2.165650448
f10,maleFace,female,21,southern,36.397,1,bee,2.52365437
f10,maleFace,female,21,southern,36.397,1,bee,2.509945367
f10,maleFace,female,21,southern,36.397,1,bee,2.25158268
f10,maleFace,female,21,southern,36.397,2,bee,2.315970561
f10,maleFace,female,21,southern,36.397,2,bee,2.339021855
f10,maleFace,female,21,southern,36.397,2,bee,2.410639359
f10,maleFace,female,21,southern,36.397,3,boo,2.820795331
f10,maleFace,female,21,southern,36.397,3,boo,2.377929254
f10,maleFace,female,21,southern,36.397,3,boo,2.417979566
f10,maleFace,female,21,southern,36.397,4,boo,2.540297138
f10,maleFace,female,21,southern,36.397,4,boo,2.597253101
f10,maleFace,female,21,southern,36.397,4,boo,2.448173077
f10,maleFace,female,21,southern,36.397,5,boo,2.482019143
f10,maleFace,female,21,southern,36.397,5,boo,3.04094789
f10,maleFace,female,21,southern,36.397,5,boo,2.226840523
f10,maleFace,female,21,southern,36.397,6,boo,2.779452123
f10,maleFace,female,21,southern,36.397,6,boo,2.357172726
f10,maleFace,female,21,southern,36.397,6,boo,2.516071145
f10,maleFace,female,21,southern,36.397,7,boo,2.598514544
f10,maleFace,female,21,southern,36.397,7,boo,2.235026989
f10,maleFace,female,21,southern,36.397,7,boo,2.252174996
f10,maleFace,female,21,southern,36.397,8,boo,2.231940592
f10,maleFace,female,21,southern,36.397,8,boo,2.700972503
f10,maleFace,female,21,southern,36.397,8,boo,2.575943326
f10,maleFace,female,21,southern,36.397,9,boo,2.818181066
f10,maleFace,female,21,southern,36.397,9,boo,2.807625008
f10,maleFace,female,21,southern,36.397,9,boo,2.313151683
f10,maleFace,female,21,southern,36.397,10,boo,2.856136257
f10,maleFace,female,21,southern,36.397,10,boo,2.443743128
f10,maleFace,female,21,southern,36.397,10,boo,2.180238654
f10,maleFace,female,21,southern,36.397,11,boo,2.662813362
f10,maleFace,female,21,southern,36.397,11,boo,2.620307375
f10,maleFace,female,21,southern,36.397,11,boo,2.216086475
f11,femaleFace,female,25,other,344.222,1,bee,1.754583712
f11,femaleFace,female,25,other,344.222,1,bee,1.734772859
f11,femaleFace,female,25,other,344.222,1,bee,1.723191998
f11,femaleFace,female,25,other,344.222,2,bee,1.767482435
f11,femaleFace,female,25,other,344.222,2,bee,1.899483258
f11,femaleFace,female,25,other,344.222,2,boo,2.249639979
f11,femaleFace,female,25,other,344.222,3,bee,1.722928892
f11,femaleFace,female,25,other,344.222,3,boo,2.203175185
f11,femaleFace,female,25,other,344.222,3,boo,1.875363345
f11,femaleFace,female,25,other,344.222,4,boo,1.735348053
f11,femaleFace,female,25,other,344.222,4,boo,1.855345833
f11,femaleFace,female,25,other,344.222,4,boo,1.752195232
f11,femaleFace,female,25,other,344.222,5,boo,1.708251871
f11,femaleFace,female,25,other,344.222,5,boo,1.829532992
f11,femaleFace,female,25,other,344.222,5,boo,1.928348408
f11,femaleFace,female,25,other,344.222,6,boo,1.764615326
f11,femaleFace,female,25,other,344.222,6,boo,1.855640194
f11,femaleFace,female,25,other,344.222,6,boo,1.870048045
f11,femaleFace,female,25,other,344.222,7,boo,2.015067482
f11,femaleFace,female,25,other,344.222,7,boo,1.781949065
f11,femaleFace,female,25,other,344.222,7,boo,1.770609851
f11,femaleFace,female,25,other,344.222,8,boo,1.66208797
f11,femaleFace,female,25,other,344.222,8,boo,1.696020242
f11,femaleFace,female,25,other,344.222,8,boo,1.839531951
f11,femaleFace,female,25,other,344.222,9,boo,1.798850824
f11,femaleFace,female,25,other,344.222,9,boo,1.833758082
f11,femaleFace,female,25,other,344.222,9,boo,1.81496793
f11,femaleFace,female,25,other,344.222,10,boo,1.687470698
f11,femaleFace,female,25,other,344.222,10,boo,1.910340578
f11,femaleFace,female,25,other,344.222,10,boo,1.721885332
f11,femaleFace,female,25,other,344.222,11,boo,1.749520788
f11,femaleFace,female,25,other,344.222,11,boo,1.763211162
f11,femaleFace,female,25,other,344.222,11,boo,1.98379146
f12,femaleFace,female,21,northern,168.981,1,bee,2.243115121
f12,femaleFace,female,21,northern,168.981,1,bee,2.201323952
f12,femaleFace,female,21,northern,168.981,1,bee,2.162754594
f12,femaleFace,female,21,northern,168.981,2,bee,2.218759674
f12,femaleFace,female,21,northern,168.981,2,bee,2.234663455
f12,femaleFace,female,21,northern,168.981,2,bee,2.666802964
f12,femaleFace,female,21,northern,168.981,3,bee,2.308450574
f12,femaleFace,female,21,northern,168.981,3,bee,2.955955119
f12,femaleFace,female,21,northern,168.981,3,boo,2.852413511
f12,femaleFace,female,21,northern,168.981,4,boo,2.524969449
f12,femaleFace,female,21,northern,168.981,4,boo,2.958510451
f12,femaleFace,female,21,northern,168.981,4,boo,3.221335534
f12,femaleFace,female,21,northern,168.981,5,boo,2.487638026
f12,femaleFace,female,21,northern,168.981,5,boo,3.170789753
f12,femaleFace,female,21,northern,168.981,5,boo,3.052538596
f12,femaleFace,female,21,northern,168.981,6,boo,2.168669469
f12,femaleFace,female,21,northern,168.981,6,boo,2.250968844
f12,femaleFace,female,21,northern,168.981,6,boo,2.331851497
f12,femaleFace,female,21,northern,168.981,7,boo,2.185339717
f12,femaleFace,female,21,northern,168.981,7,boo,2.655236097
f12,femaleFace,female,21,northern,168.981,7,boo,2.346393515
f12,femaleFace,female,21,northern,168.981,8,boo,2.120179741
f12,femaleFace,female,21,northern,168.981,8,boo,2.199957224
f12,femaleFace,female,21,northern,168.981,8,boo,2.410288738
f12,femaleFace,female,21,northern,168.981,9,boo,2.161017378
f12,femaleFace,female,21,northern,168.981,9,boo,2.419722741
f12,femaleFace,female,21,northern,168.981,9,boo,2.478995322
f12,femaleFace,female,21,northern,168.981,10,boo,2.169581615
f12,femaleFace,female,21,northern,168.981,10,boo,2.451951445
f12,femaleFace,female,21,northern,168.981,10,boo,2.397191254
f12,femaleFace,female,21,northern,168.981,11,boo,2.440717652
f12,femaleFace,female,21,northern,168.981,11,boo,2.285817112
f12,femaleFace,female,21,northern,168.981,11,boo,3.07384506
f13,femaleFace,female,21,midlands,136.703,1,bee,2.035096051
f13,femaleFace,female,21,midlands,136.703,1,bee,2.332796231
f13,femaleFace,female,21,midlands,136.703,1,bee,2.095076374
f13,femaleFace,female,21,midlands,136.703,2,bee,1.946999048
f13,femaleFace,female,21,midlands,136.703,2,bee,2.304373991
f13,femaleFace,female,21,midlands,136.703,2,boo,2.596582016
f13,femaleFace,female,21,midlands,136.703,3,bee,2.29647654
f13,femaleFace,female,21,midlands,136.703,3,boo,2.034535313
f13,femaleFace,female,21,midlands,136.703,3,boo,2.065820957
f13,femaleFace,female,21,midlands,136.703,4,boo,2.062216744
f13,femaleFace,female,21,midlands,136.703,4,boo,2.069018844
f13,femaleFace,female,21,midlands,136.703,4,boo,2.089773153
f13,femaleFace,female,21,midlands,136.703,5,boo,2.153682841
f13,femaleFace,female,21,midlands,136.703,5,boo,2.004743416
f13,femaleFace,female,21,midlands,136.703,5,boo,2.151702997
f13,femaleFace,female,21,midlands,136.703,6,boo,1.940176423
f13,femaleFace,female,21,midlands,136.703,6,boo,2.053472121
f13,femaleFace,female,21,midlands,136.703,6,boo,2.202573424
f13,femaleFace,female,21,midlands,136.703,7,boo,1.905690093
f13,femaleFace,female,21,midlands,136.703,7,boo,1.896518618
f13,femaleFace,female,21,midlands,136.703,7,boo,2.099020668
f13,femaleFace,female,21,midlands,136.703,8,boo,2.463412302
f13,femaleFace,female,21,midlands,136.703,8,boo,1.970265016
f13,femaleFace,female,21,midlands,136.703,8,boo,2.00557286
f13,femaleFace,female,21,midlands,136.703,9,boo,2.106717988
f13,femaleFace,female,21,midlands,136.703,9,boo,2.021084128
f13,femaleFace,female,21,midlands,136.703,9,boo,1.971668261
f13,femaleFace,female,21,midlands,136.703,10,boo,1.901234977
f13,femaleFace,female,21,midlands,136.703,10,boo,2.08687103
f13,femaleFace,female,21,midlands,136.703,10,boo,2.017885308
f13,femaleFace,female,21,midlands,136.703,11,boo,2.170121986
f13,femaleFace,female,21,midlands,136.703,11,boo,2.190238584
f13,femaleFace,female,21,midlands,136.703,11,boo,2.027458443
f14,femaleFace,female,20,northern,185.435,1,bee,2.385251582
f14,femaleFace,female,20,northern,185.435,1,bee,2.716165108
f14,femaleFace,female,20,northern,185.435,1,bee,2.893703745
f14,femaleFace,female,20,northern,185.435,2,bee,2.803766847
f14,femaleFace,female,20,northern,185.435,2,bee,2.607841274
f14,femaleFace,female,20,northern,185.435,2,boo,2.918248906
f14,femaleFace,female,20,northern,185.435,3,bee,3.08510203
f14,femaleFace,female,20,northern,185.435,3,bee,2.500295164
f14,femaleFace,female,20,northern,185.435,3,boo,2.764803495
f14,femaleFace,female,20,northern,185.435,4,boo,2.63663561
f14,femaleFace,female,20,northern,185.435,4,boo,2.923482403
f14,femaleFace,female,20,northern,185.435,4,boo,2.536051936
f14,femaleFace,female,20,northern,185.435,5,bee,2.887696496
f14,femaleFace,female,20,northern,185.435,5,bee,2.718451266
f14,femaleFace,female,20,northern,185.435,5,bee,2.532323561
f14,femaleFace,female,20,northern,185.435,6,bee,2.853081976
f14,femaleFace,female,20,northern,185.435,6,boo,2.669691039
f14,femaleFace,female,20,northern,185.435,6,boo,2.451287615
f14,femaleFace,female,20,northern,185.435,7,boo,2.71959749
f14,femaleFace,female,20,northern,185.435,7,boo,2.582691879
f14,femaleFace,female,20,northern,185.435,7,boo,2.469154413
f14,femaleFace,female,20,northern,185.435,8,bee,2.784861759
f14,femaleFace,female,20,northern,185.435,8,boo,3.192920955
f14,femaleFace,female,20,northern,185.435,8,boo,2.913683873
f14,femaleFace,female,20,northern,185.435,9,boo,2.473793278
f14,femaleFace,female,20,northern,185.435,9,boo,2.566655001
f14,femaleFace,female,20,northern,185.435,9,boo,2.531678272
f14,femaleFace,female,20,northern,185.435,10,boo,2.525916028
f14,femaleFace,female,20,northern,185.435,10,boo,2.71967033
f14,femaleFace,female,20,northern,185.435,10,boo,2.727806139
f14,femaleFace,female,20,northern,185.435,11,boo,2.703129868
f14,femaleFace,female,20,northern,185.435,11,boo,2.615571833
f14,femaleFace,female,20,northern,185.435,11,boo,2.663040488
f15,femaleFace,female,22,northern,174.023,1,bee,2.324894797
f15,femaleFace,female,22,northern,174.023,1,bee,2.161183638
f15,femaleFace,female,22,northern,174.023,1,bee,2.09262304
f15,femaleFace,female,22,northern,174.023,2,bee,2.294646316
f15,femaleFace,female,22,northern,174.023,2,bee,2.149177413
f15,femaleFace,female,22,northern,174.023,2,bee,2.113683845
f15,femaleFace,female,22,northern,174.023,3,bee,2.434870462
f15,femaleFace,female,22,northern,174.023,3,bee,2.272004238
f15,femaleFace,female,22,northern,174.023,3,boo,2.368127535
f15,femaleFace,female,22,northern,174.023,4,boo,2.451595014
f15,femaleFace,female,22,northern,174.023,4,boo,2.451611568
f15,femaleFace,female,22,northern,174.023,4,boo,2.278297217
f15,femaleFace,female,22,northern,174.023,5,boo,2.263123148
f15,femaleFace,female,22,northern,174.023,5,boo,2.222588111
f15,femaleFace,female,22,northern,174.023,5,boo,2.242084858
f15,femaleFace,female,22,northern,174.023,6,boo,2.284680914
f15,femaleFace,female,22,northern,174.023,6,boo,2.395007201
f15,femaleFace,female,22,northern,174.023,6,boo,2.267514692
f15,femaleFace,female,22,northern,174.023,7,boo,2.084654759
f15,femaleFace,female,22,northern,174.023,7,boo,2.067888821
f15,femaleFace,female,22,northern,174.023,7,boo,2.295727979
f15,femaleFace,female,22,northern,174.023,8,boo,2.135017796
f15,femaleFace,female,22,northern,174.023,8,boo,2.450322645
f15,femaleFace,female,22,northern,174.023,8,boo,2.572583641
f15,femaleFace,female,22,northern,174.023,9,boo,2.201560084
f15,femaleFace,female,22,northern,174.023,9,boo,2.153467976
f15,femaleFace,female,22,northern,174.023,9,boo,2.265790057
f15,femaleFace,female,22,northern,174.023,10,boo,2.133850051
f15,femaleFace,female,22,northern,174.023,10,boo,2.25179168
f15,femaleFace,female,22,northern,174.023,10,boo,2.133797408
f15,femaleFace,female,22,northern,174.023,11,boo,2.561080007
f15,femaleFace,female,22,northern,174.023,11,boo,2.168766203
f15,femaleFace,female,22,northern,174.023,11,boo,2.357712517
f16,femaleFace,female,20,northern,169.446,1,bee,3.517277628
f16,femaleFace,female,20,northern,169.446,1,bee,2.320649487
f16,femaleFace,female,20,northern,169.446,1,boo,2.88215277
f16,femaleFace,female,20,northern,169.446,2,bee,2.776306462
f16,femaleFace,female,20,northern,169.446,2,boo,3.476253588
f16,femaleFace,female,20,northern,169.446,2,boo,2.680276895
f16,femaleFace,female,20,northern,169.446,3,bee,3.544213239
f16,femaleFace,female,20,northern,169.446,3,boo,3.728509369
f16,femaleFace,female,20,northern,169.446,3,boo,2.387833401
f16,femaleFace,female,20,northern,169.446,4,boo,2.619304842
f16,femaleFace,female,20,northern,169.446,4,boo,3.165584066
f16,femaleFace,female,20,northern,169.446,4,boo,2.167692762
f16,femaleFace,female,20,northern,169.446,5,boo,2.567654554
f16,femaleFace,female,20,northern,169.446,5,boo,2.451622345
f16,femaleFace,female,20,northern,169.446,5,boo,2.322130772
f16,femaleFace,female,20,northern,169.446,6,boo,2.528752453
f16,femaleFace,female,20,northern,169.446,6,boo,2.849680716
f16,femaleFace,female,20,northern,169.446,6,boo,2.114033435
f16,femaleFace,female,20,northern,169.446,7,boo,2.615600968
f16,femaleFace,female,20,northern,169.446,7,boo,2.59499045
f16,femaleFace,female,20,northern,169.446,7,boo,2.390261264
f16,femaleFace,female,20,northern,169.446,8,boo,2.565267083
f16,femaleFace,female,20,northern,169.446,8,boo,2.266933876
f16,femaleFace,female,20,northern,169.446,8,boo,2.437442205
f16,femaleFace,female,20,northern,169.446,9,boo,2.764511145
f16,femaleFace,female,20,northern,169.446,9,boo,2.381279196
f16,femaleFace,female,20,northern,169.446,9,boo,2.452387818
f16,femaleFace,female,20,northern,169.446,10,boo,2.664050635
f16,femaleFace,female,20,northern,169.446,10,boo,2.369930184
f16,femaleFace,female,20,northern,169.446,10,boo,2.281413981
f16,femaleFace,female,20,northern,169.446,11,boo,2.914921809
f16,femaleFace,female,20,northern,169.446,11,boo,2.460322989
f16,femaleFace,female,20,northern,169.446,11,boo,2.262084771
f17,femaleFace,female,23,northern,178.206,1,bee,2.951850282
f17,femaleFace,female,23,northern,178.206,1,bee,2.654278147
f17,femaleFace,female,23,northern,178.206,1,bee,2.482419918
f17,femaleFace,female,23,northern,178.206,2,bee,2.564809045
f17,femaleFace,female,23,northern,178.206,2,bee,2.641618356
f17,femaleFace,female,23,northern,178.206,2,bee,2.427675601
f17,femaleFace,female,23,northern,178.206,3,bee,2.748183489
f17,femaleFace,female,23,northern,178.206,3,bee,2.606758819
f17,femaleFace,female,23,northern,178.206,3,boo,2.122351714
f17,femaleFace,female,23,northern,178.206,4,bee,2.695132021
f17,femaleFace,female,23,northern,178.206,4,boo,2.343440661
f17,femaleFace,female,23,northern,178.206,4,boo,2.118049564
f17,femaleFace,female,23,northern,178.206,5,bee,3.055295247
f17,femaleFace,female,23,northern,178.206,5,boo,3.608212624
f17,femaleFace,female,23,northern,178.206,5,boo,2.50057841
f17,femaleFace,female,23,northern,178.206,6,boo,2.294889003
f17,femaleFace,female,23,northern,178.206,6,boo,2.240263877
f17,femaleFace,female,23,northern,178.206,6,boo,2.392267452
f17,femaleFace,female,23,northern,178.206,7,boo,2.710792789
f17,femaleFace,female,23,northern,178.206,7,boo,2.241207807
f17,femaleFace,female,23,northern,178.206,7,boo,2.098375023
f17,femaleFace,female,23,northern,178.206,8,boo,2.435829291
f17,femaleFace,female,23,northern,178.206,8,boo,2.450824573
f17,femaleFace,female,23,northern,178.206,8,boo,2.606075786
f17,femaleFace,female,23,northern,178.206,9,boo,2.502664261
f17,femaleFace,female,23,northern,178.206,9,boo,2.242114656
f17,femaleFace,female,23,northern,178.206,9,boo,2.004765673
f17,femaleFace,female,23,northern,178.206,10,boo,2.225092787
f17,femaleFace,female,23,northern,178.206,10,boo,2.139659642
f17,femaleFace,female,23,northern,178.206,10,boo,2.211246379
f17,femaleFace,female,23,northern,178.206,11,boo,3.68313606
f17,femaleFace,female,23,northern,178.206,11,boo,2.240603241
f17,femaleFace,female,23,northern,178.206,11,boo,2.134958862
f18,femaleFace,female,22,northern,247.238,1,bee,2.627177314
f18,femaleFace,female,22,northern,247.238,1,bee,2.532452861
f18,femaleFace,female,22,northern,247.238,1,bee,2.543559852
f18,femaleFace,female,22,northern,247.238,2,bee,2.377816809
f18,femaleFace,female,22,northern,247.238,2,bee,2.400614167
f18,femaleFace,female,22,northern,247.238,2,bee,2.724869965
f18,femaleFace,female,22,northern,247.238,3,bee,2.826493287
f18,femaleFace,female,22,northern,247.238,3,bee,2.435245253
f18,femaleFace,female,22,northern,247.238,3,bee,2.746010893
f18,femaleFace,female,22,northern,247.238,4,bee,2.367963316
f18,femaleFace,female,22,northern,247.238,4,bee,2.550590163
f18,femaleFace,female,22,northern,247.238,4,bee,2.836329233
f18,femaleFace,female,22,northern,247.238,5,bee,3.217839654
f18,femaleFace,female,22,northern,247.238,5,boo,2.984849769
f18,femaleFace,female,22,northern,247.238,5,boo,2.488391412
f18,femaleFace,female,22,northern,247.238,6,boo,3.229328058
f18,femaleFace,female,22,northern,247.238,6,boo,4.302066317
f18,femaleFace,female,22,northern,247.238,6,boo,3.118004867
f18,femaleFace,female,22,northern,247.238,7,boo,2.431785058
f18,femaleFace,female,22,northern,247.238,7,boo,2.727011108
f18,femaleFace,female,22,northern,247.238,7,boo,3.376633503
f18,femaleFace,female,22,northern,247.238,8,boo,2.217343685
f18,femaleFace,female,22,northern,247.238,8,boo,2.371227176
f18,femaleFace,female,22,northern,247.238,8,boo,2.964378963
f18,femaleFace,female,22,northern,247.238,9,boo,2.370206764
f18,femaleFace,female,22,northern,247.238,9,boo,2.547844124
f18,femaleFace,female,22,northern,247.238,9,boo,2.634058304
f18,femaleFace,female,22,northern,247.238,10,boo,2.774661546
f18,femaleFace,female,22,northern,247.238,10,boo,2.616375255
f18,femaleFace,female,22,northern,247.238,10,boo,2.564056815
f18,femaleFace,female,22,northern,247.238,11,boo,2.734650951
f18,femaleFace,female,22,northern,247.238,11,boo,2.735642889
f18,femaleFace,female,22,northern,247.238,11,boo,2.481919976
f19,femaleFace,female,21,midlands,108.71,1,bee,2.885746061
f19,femaleFace,female,21,midlands,108.71,1,bee,2.638356933
f19,femaleFace,female,21,midlands,108.71,1,bee,2.695721126
f19,femaleFace,female,21,midlands,108.71,2,bee,2.585530622
f19,femaleFace,female,21,midlands,108.71,2,bee,2.605822635
f19,femaleFace,female,21,midlands,108.71,2,bee,2.728372961
f19,femaleFace,female,21,midlands,108.71,3,bee,3.317919672
f19,femaleFace,female,21,midlands,108.71,3,boo,2.781544595
f19,femaleFace,female,21,midlands,108.71,3,boo,3.090054103
f19,femaleFace,female,21,midlands,108.71,4,boo,2.650003923
f19,femaleFace,female,21,midlands,108.71,4,boo,2.776897784
f19,femaleFace,female,21,midlands,108.71,4,boo,3.065332473
f19,femaleFace,female,21,midlands,108.71,5,boo,2.944876937
f19,femaleFace,female,21,midlands,108.71,5,boo,2.821893548
f19,femaleFace,female,21,midlands,108.71,5,boo,2.809599613
f19,femaleFace,female,21,midlands,108.71,6,boo,2.866125824
f19,femaleFace,female,21,midlands,108.71,6,boo,2.815254585
f19,femaleFace,female,21,midlands,108.71,6,boo,2.731375592
f19,femaleFace,female,21,midlands,108.71,7,boo,2.825323944
f19,femaleFace,female,21,midlands,108.71,7,boo,2.582038313
f19,femaleFace,female,21,midlands,108.71,7,boo,2.861521724
f19,femaleFace,female,21,midlands,108.71,8,boo,2.751293476
f19,femaleFace,female,21,midlands,108.71,8,boo,3.101667323
f19,femaleFace,female,21,midlands,108.71,8,boo,2.889604553
f19,femaleFace,female,21,midlands,108.71,9,boo,2.786889338
f19,femaleFace,female,21,midlands,108.71,9,boo,2.628183281
f19,femaleFace,female,21,midlands,108.71,9,boo,2.5166969
f19,femaleFace,female,21,midlands,108.71,10,boo,2.743962871
f19,femaleFace,female,21,midlands,108.71,10,boo,3.161590491
f19,femaleFace,female,21,midlands,108.71,10,boo,2.667849862
f19,femaleFace,female,21,midlands,108.71,11,boo,2.976899374
f19,femaleFace,female,21,midlands,108.71,11,boo,2.662070402
f19,femaleFace,female,21,midlands,108.71,11,boo,2.515891034
f20,maleFace,female,24,northern,168.981,1,bee,2.718380603
f20,maleFace,female,24,northern,168.981,1,bee,2.185559614
f20,maleFace,female,24,northern,168.981,1,bee,2.090495346
f20,maleFace,female,24,northern,168.981,2,bee,4.370339236
f20,maleFace,female,24,northern,168.981,2,bee,2.300810827
f20,maleFace,female,24,northern,168.981,2,bee,1.98479483
f20,maleFace,female,24,northern,168.981,3,bee,3.125547382
f20,maleFace,female,24,northern,168.981,3,bee,2.166578109
f20,maleFace,female,24,northern,168.981,3,boo,2.734643333
f20,maleFace,female,24,northern,168.981,4,bee,3.330574129
f20,maleFace,female,24,northern,168.981,4,boo,3.324443825
f20,maleFace,female,24,northern,168.981,4,boo,2.047341101
f20,maleFace,female,24,northern,168.981,5,bee,3.883567603
f20,maleFace,female,24,northern,168.981,5,boo,2.761899653
f20,maleFace,female,24,northern,168.981,5,boo,1.963156596
f20,maleFace,female,24,northern,168.981,6,boo,2.219368888
f20,maleFace,female,24,northern,168.981,6,boo,1.96760516
f20,maleFace,female,24,northern,168.981,6,boo,2.4268569
f20,maleFace,female,24,northern,168.981,7,boo,2.1120762
f20,maleFace,female,24,northern,168.981,7,boo,3.417398103
f20,maleFace,female,24,northern,168.981,7,boo,2.154038066
f20,maleFace,female,24,northern,168.981,8,boo,2.327599711
f20,maleFace,female,24,northern,168.981,8,boo,3.000628378
f20,maleFace,female,24,northern,168.981,8,boo,2.149353451
f20,maleFace,female,24,northern,168.981,9,boo,2.399859956
f20,maleFace,female,24,northern,168.981,9,boo,1.921403724
f20,maleFace,female,24,northern,168.981,9,boo,2.196395991
f20,maleFace,female,24,northern,168.981,10,boo,2.25824111
f20,maleFace,female,24,northern,168.981,10,boo,1.959500619
f20,maleFace,female,24,northern,168.981,10,boo,2.14019135
f20,maleFace,female,24,northern,168.981,11,boo,2.025153794
f20,maleFace,female,24,northern,168.981,11,boo,2.533563194
f20,maleFace,female,24,northern,168.981,11,boo,2.115925776
f21,maleFace,female,26,southern,50.133,1,bee,2.020979533
f21,maleFace,female,26,southern,50.133,1,bee,1.85502747
f21,maleFace,female,26,southern,50.133,1,bee,1.870605842
f21,maleFace,female,26,southern,50.133,2,bee,1.815722334
f21,maleFace,female,26,southern,50.133,2,bee,1.998447014
f21,maleFace,female,26,southern,50.133,2,boo,1.996137362
f21,maleFace,female,26,southern,50.133,3,bee,1.870625901
f21,maleFace,female,26,southern,50.133,3,boo,1.957972358
f21,maleFace,female,26,southern,50.133,3,boo,2.4279905
f21,maleFace,female,26,southern,50.133,4,boo,1.967365844
f21,maleFace,female,26,southern,50.133,4,boo,1.810755486
f21,maleFace,female,26,southern,50.133,4,boo,1.820830066
f21,maleFace,female,26,southern,50.133,5,boo,1.926817481
f21,maleFace,female,26,southern,50.133,5,boo,1.78137285
f21,maleFace,female,26,southern,50.133,5,boo,1.741750493
f21,maleFace,female,26,southern,50.133,6,boo,1.725203197
f21,maleFace,female,26,southern,50.133,6,boo,1.73016398
f21,maleFace,female,26,southern,50.133,6,boo,1.775058744
f21,maleFace,female,26,southern,50.133,7,boo,1.666000813
f21,maleFace,female,26,southern,50.133,7,boo,1.711485702
f21,maleFace,female,26,southern,50.133,7,boo,1.780957197
f21,maleFace,female,26,southern,50.133,8,boo,1.795718257
f21,maleFace,female,26,southern,50.133,8,boo,1.67850167
f21,maleFace,female,26,southern,50.133,8,boo,1.846271225
f21,maleFace,female,26,southern,50.133,9,boo,1.923746031
f21,maleFace,female,26,southern,50.133,9,boo,1.672835069
f21,maleFace,female,26,southern,50.133,9,boo,1.756023125
f21,maleFace,female,26,southern,50.133,10,boo,1.942026849
f21,maleFace,female,26,southern,50.133,10,boo,1.727058009
f21,maleFace,female,26,southern,50.133,10,boo,1.700788342
f21,maleFace,female,26,southern,50.133,11,boo,1.870592313
f21,maleFace,female,26,southern,50.133,11,boo,1.994692605
f21,maleFace,female,26,southern,50.133,11,boo,1.804218859
f22,maleFace,female,21,midlands,123.119,1,bee,2.286605775
f22,maleFace,female,21,midlands,123.119,1,bee,2.503130011
f22,maleFace,female,21,midlands,123.119,1,bee,2.102721913
f22,maleFace,female,21,midlands,123.119,2,bee,3.0840846
f22,maleFace,female,21,midlands,123.119,2,bee,2.195024452
f22,maleFace,female,21,midlands,123.119,2,bee,1.90136933
f22,maleFace,female,21,midlands,123.119,3,bee,1.934548981
f22,maleFace,female,21,midlands,123.119,3,bee,1.832422328
f22,maleFace,female,21,midlands,123.119,3,bee,2.168211185
f22,maleFace,female,21,midlands,123.119,4,bee,2.049926689
f22,maleFace,female,21,midlands,123.119,4,boo,2.553166328
f22,maleFace,female,21,midlands,123.119,4,boo,2.632177693
f22,maleFace,female,21,midlands,123.119,5,bee,1.926920703
f22,maleFace,female,21,midlands,123.119,5,bee,1.996685487
f22,maleFace,female,21,midlands,123.119,5,boo,2.237812225
f22,maleFace,female,21,midlands,123.119,6,boo,2.200524537
f22,maleFace,female,21,midlands,123.119,6,boo,2.114081292
f22,maleFace,female,21,midlands,123.119,6,boo,1.869266371
f22,maleFace,female,21,midlands,123.119,7,boo,2.009972462
f22,maleFace,female,21,midlands,123.119,7,boo,2.296179843
f22,maleFace,female,21,midlands,123.119,7,boo,1.764383144
f22,maleFace,female,21,midlands,123.119,8,boo,1.95194306
f22,maleFace,female,21,midlands,123.119,8,boo,1.936536756
f22,maleFace,female,21,midlands,123.119,8,boo,2.183188305
f22,maleFace,female,21,midlands,123.119,9,boo,1.943799295
f22,maleFace,female,21,midlands,123.119,9,boo,1.982263507
f22,maleFace,female,21,midlands,123.119,9,boo,2.01419386
f22,maleFace,female,21,midlands,123.119,10,boo,1.779019249
f22,maleFace,female,21,midlands,123.119,10,boo,1.716575317
f22,maleFace,female,21,midlands,123.119,10,boo,1.90860901
f22,maleFace,female,21,midlands,123.119,11,boo,1.985808939
f22,maleFace,female,21,midlands,123.119,11,boo,1.792998517
f22,maleFace,female,21,midlands,123.119,11,boo,1.802438231
f23,maleFace,female,28,midlands,108.71,1,bee,1.668601882
f23,maleFace,female,28,midlands,108.71,1,bee,1.800964544
f23,maleFace,female,28,midlands,108.71,1,bee,1.721410634
f23,maleFace,female,28,midlands,108.71,2,bee,1.825421965
f23,maleFace,female,28,midlands,108.71,2,bee,1.75486599
f23,maleFace,female,28,midlands,108.71,2,bee,1.674193869
f23,maleFace,female,28,midlands,108.71,3,bee,1.984603492
f23,maleFace,female,28,midlands,108.71,3,bee,1.801201062
f23,maleFace,female,28,midlands,108.71,3,bee,1.861340463
f23,maleFace,female,28,midlands,108.71,4,bee,1.894767361
f23,maleFace,female,28,midlands,108.71,4,boo,1.925379373
f23,maleFace,female,28,midlands,108.71,4,boo,1.870000648
f23,maleFace,female,28,midlands,108.71,5,boo,2.074723258
f23,maleFace,female,28,midlands,108.71,5,boo,1.770332473
f23,maleFace,female,28,midlands,108.71,5,boo,1.87060897
f23,maleFace,female,28,midlands,108.71,6,bee,1.646643058
f23,maleFace,female,28,midlands,108.71,6,boo,1.784779178
f23,maleFace,female,28,midlands,108.71,6,boo,1.739735856
f23,maleFace,female,28,midlands,108.71,7,boo,1.776702123
f23,maleFace,female,28,midlands,108.71,7,boo,1.722748569
f23,maleFace,female,28,midlands,108.71,7,boo,1.724568402
f23,maleFace,female,28,midlands,108.71,8,boo,1.704898715
f23,maleFace,female,28,midlands,108.71,8,boo,1.717326389
f23,maleFace,female,28,midlands,108.71,8,boo,1.738835969
f23,maleFace,female,28,midlands,108.71,9,boo,1.711700348
f23,maleFace,female,28,midlands,108.71,9,boo,1.699999953
f23,maleFace,female,28,midlands,108.71,9,boo,1.798256487
f23,maleFace,female,28,midlands,108.71,10,boo,1.668341573
f23,maleFace,female,28,midlands,108.71,10,boo,1.685848546
f23,maleFace,female,28,midlands,108.71,10,boo,1.636429413
f23,maleFace,female,28,midlands,108.71,11,boo,1.69930113
f23,maleFace,female,28,midlands,108.71,11,boo,1.645281332
f23,maleFace,female,28,midlands,108.71,11,boo,1.67279389
f24,femaleFace,female,22,northern,187.065,1,bee,2.433678216
f24,femaleFace,female,22,northern,187.065,1,bee,2.184176668
f24,femaleFace,female,22,northern,187.065,1,bee,2.266824375
f24,femaleFace,female,22,northern,187.065,2,bee,2.213249127
f24,femaleFace,female,22,northern,187.065,2,bee,2.297622792
f24,femaleFace,female,22,northern,187.065,2,bee,2.131568527
f24,femaleFace,female,22,northern,187.065,3,bee,2.265789726
f24,femaleFace,female,22,northern,187.065,3,bee,2.380792623
f24,femaleFace,female,22,northern,187.065,3,bee,2.299330541
f24,femaleFace,female,22,northern,187.065,4,bee,2.41650769
f24,femaleFace,female,22,northern,187.065,4,bee,2.85351201
f24,femaleFace,female,22,northern,187.065,4,bee,2.435256841
f24,femaleFace,female,22,northern,187.065,5,bee,3.299789097
f24,femaleFace,female,22,northern,187.065,5,bee,4.351859553
f24,femaleFace,female,22,northern,187.065,5,boo,3.295801811
f24,femaleFace,female,22,northern,187.065,6,boo,2.582407006
f24,femaleFace,female,22,northern,187.065,6,boo,2.231742679
f24,femaleFace,female,22,northern,187.065,6,boo,2.298263777
f24,femaleFace,female,22,northern,187.065,7,boo,2.317828066
f24,femaleFace,female,22,northern,187.065,7,boo,2.138064463
f24,femaleFace,female,22,northern,187.065,7,boo,2.241389905
f24,femaleFace,female,22,northern,187.065,8,boo,2.316715944
f24,femaleFace,female,22,northern,187.065,8,boo,2.400513517
f24,femaleFace,female,22,northern,187.065,8,boo,2.247843793
f24,femaleFace,female,22,northern,187.065,9,boo,2.135366762
f24,femaleFace,female,22,northern,187.065,9,boo,2.212185343
f24,femaleFace,female,22,northern,187.065,9,boo,2.149411823
f24,femaleFace,female,22,northern,187.065,10,boo,2.365823166
f24,femaleFace,female,22,northern,187.065,10,boo,2.181479299
f24,femaleFace,female,22,northern,187.065,10,boo,2.199207377
f24,femaleFace,female,22,northern,187.065,11,boo,2.213503402
f24,femaleFace,female,22,northern,187.065,11,boo,2.33035178
f24,femaleFace,female,22,northern,187.065,11,boo,2.137734037
f25,maleFace,female,25,southern,15.399,1,bee,1.81383913
f25,maleFace,female,25,southern,15.399,1,bee,2.161636273
f25,maleFace,female,25,southern,15.399,1,boo,1.639469622
f25,maleFace,female,25,southern,15.399,2,bee,1.759707838
f25,maleFace,female,25,southern,15.399,2,bee,1.936957076
f25,maleFace,female,25,southern,15.399,2,boo,1.705323234
f25,maleFace,female,25,southern,15.399,3,bee,2.128726261
f25,maleFace,female,25,southern,15.399,3,boo,1.633971402
f25,maleFace,female,25,southern,15.399,3,boo,1.678617729
f25,maleFace,female,25,southern,15.399,4,boo,1.806706746
f25,maleFace,female,25,southern,15.399,4,boo,1.666253033
f25,maleFace,female,25,southern,15.399,4,boo,1.672946903
f25,maleFace,female,25,southern,15.399,5,boo,1.855729349
f25,maleFace,female,25,southern,15.399,5,boo,1.886490176
f25,maleFace,female,25,southern,15.399,5,boo,1.680944186
f25,maleFace,female,25,southern,15.399,6,boo,1.732268988
f25,maleFace,female,25,southern,15.399,6,boo,1.615113899
f25,maleFace,female,25,southern,15.399,6,boo,1.713920441
f25,maleFace,female,25,southern,15.399,7,boo,1.751780064
f25,maleFace,female,25,southern,15.399,7,boo,1.673562222
f25,maleFace,female,25,southern,15.399,7,boo,2.304607243
f25,maleFace,female,25,southern,15.399,8,boo,1.61911604
f25,maleFace,female,25,southern,15.399,8,boo,1.601943084
f25,maleFace,female,25,southern,15.399,8,boo,2.279944094
f25,maleFace,female,25,southern,15.399,9,boo,1.6329241
f25,maleFace,female,25,southern,15.399,9,boo,1.754510047
f25,maleFace,female,25,southern,15.399,9,boo,2.145644506
f25,maleFace,female,25,southern,15.399,10,bee,2.323512796
f25,maleFace,female,25,southern,15.399,10,boo,1.756709148
f25,maleFace,female,25,southern,15.399,10,boo,1.653642955
f25,maleFace,female,25,southern,15.399,11,boo,1.963020205
f25,maleFace,female,25,southern,15.399,11,boo,1.785192501
f25,maleFace,female,25,southern,15.399,11,boo,1.680489811
f26,femaleFace,female,28,northern,175.665,1,bee,2.216933668
f26,femaleFace,female,28,northern,175.665,1,bee,1.955139033
f26,femaleFace,female,28,northern,175.665,1,bee,1.931660558
f26,femaleFace,female,28,northern,175.665,2,bee,1.895453632
f26,femaleFace,female,28,northern,175.665,2,bee,2.017135009
f26,femaleFace,female,28,northern,175.665,2,bee,1.953847761
f26,femaleFace,female,28,northern,175.665,3,bee,1.982451205
f26,femaleFace,female,28,northern,175.665,3,bee,2.396468969
f26,femaleFace,female,28,northern,175.665,3,bee,2.06843834
f26,femaleFace,female,28,northern,175.665,4,bee,2.350302269
f26,femaleFace,female,28,northern,175.665,4,bee,2.294920329
f26,femaleFace,female,28,northern,175.665,4,boo,1.94179387
f26,femaleFace,female,28,northern,175.665,5,boo,2.196021875
f26,femaleFace,female,28,northern,175.665,5,boo,2.557221116
f26,femaleFace,female,28,northern,175.665,5,boo,2.393716153
f26,femaleFace,female,28,northern,175.665,6,bee,2.101558436
f26,femaleFace,female,28,northern,175.665,6,boo,2.354209672
f26,femaleFace,female,28,northern,175.665,6,boo,1.878501024
f26,femaleFace,female,28,northern,175.665,7,boo,2.238027396
f26,femaleFace,female,28,northern,175.665,7,boo,2.087487865
f26,femaleFace,female,28,northern,175.665,7,boo,1.904154322
f26,femaleFace,female,28,northern,175.665,8,boo,2.069542079
f26,femaleFace,female,28,northern,175.665,8,boo,2.109771634
f26,femaleFace,female,28,northern,175.665,8,boo,1.914366006
f26,femaleFace,female,28,northern,175.665,9,boo,1.896492993
f26,femaleFace,female,28,northern,175.665,9,boo,2.006429769
f26,femaleFace,female,28,northern,175.665,9,boo,1.914466303
f26,femaleFace,female,28,northern,175.665,10,boo,1.954575035
f26,femaleFace,female,28,northern,175.665,10,boo,2.24371263
f26,femaleFace,female,28,northern,175.665,10,boo,2.015858199
f26,femaleFace,female,28,northern,175.665,11,boo,2.581180553
f26,femaleFace,female,28,northern,175.665,11,boo,2.081441093
f26,femaleFace,female,28,northern,175.665,11,boo,1.982300992
m1,maleFace,male,26,other,331.592,1,bee,2.111487941
m1,maleFace,male,26,other,331.592,1,bee,2.097233036
m1,maleFace,male,26,other,331.592,1,bee,2.009560494
m1,maleFace,male,26,other,331.592,2,bee,2.564661625
m1,maleFace,male,26,other,331.592,2,bee,1.998154051
m1,maleFace,male,26,other,331.592,2,bee,2.058381807
m1,maleFace,male,26,other,331.592,3,bee,2.237256912
m1,maleFace,male,26,other,331.592,3,bee,2.108817217
m1,maleFace,male,26,other,331.592,3,bee,3.796750626
m1,maleFace,male,26,other,331.592,4,bee,2.310118011
m1,maleFace,male,26,other,331.592,4,boo,2.607826133
m1,maleFace,male,26,other,331.592,4,boo,2.166720392
m1,maleFace,male,26,other,331.592,5,boo,3.80113528
m1,maleFace,male,26,other,331.592,5,boo,2.004436435
m1,maleFace,male,26,other,331.592,5,boo,2.712435034
m1,maleFace,male,26,other,331.592,6,boo,2.19694693
m1,maleFace,male,26,other,331.592,6,boo,2.086819776
m1,maleFace,male,26,other,331.592,6,boo,2.107319745
m1,maleFace,male,26,other,331.592,7,boo,2.521445336
m1,maleFace,male,26,other,331.592,7,boo,2.051034865
m1,maleFace,male,26,other,331.592,7,boo,1.997876016
m1,maleFace,male,26,other,331.592,8,boo,2.091461472
m1,maleFace,male,26,other,331.592,8,boo,1.970083219
m1,maleFace,male,26,other,331.592,8,boo,2.012275537
m1,maleFace,male,26,other,331.592,9,boo,1.95557547
m1,maleFace,male,26,other,331.592,9,boo,1.982261257
m1,maleFace,male,26,other,331.592,9,boo,1.90519884
m1,maleFace,male,26,other,331.592,10,boo,2.259008972
m1,maleFace,male,26,other,331.592,10,boo,2.033163635
m1,maleFace,male,26,other,331.592,10,boo,2.009945825
m1,maleFace,male,26,other,331.592,11,boo,2.157067064
m1,maleFace,male,26,other,331.592,11,boo,2.023794873
m1,maleFace,male,26,other,331.592,11,boo,2.046941775
m2,femaleFace,male,22,northern,156.718,1,bee,2.041433125
m2,femaleFace,male,22,northern,156.718,1,bee,1.945333205
m2,femaleFace,male,22,northern,156.718,1,bee,2.005245792
m2,femaleFace,male,22,northern,156.718,2,bee,2.03779256
m2,femaleFace,male,22,northern,156.718,2,bee,1.937367718
m2,femaleFace,male,22,northern,156.718,2,bee,1.960814005
m2,femaleFace,male,22,northern,156.718,3,bee,2.122679221
m2,femaleFace,male,22,northern,156.718,3,boo,2.300825285
m2,femaleFace,male,22,northern,156.718,3,boo,2.053881676
m2,femaleFace,male,22,northern,156.718,4,bee,2.26913781
m2,femaleFace,male,22,northern,156.718,4,bee,2.140005495
m2,femaleFace,male,22,northern,156.718,4,bee,2.043542171
m2,femaleFace,male,22,northern,156.718,5,boo,2.290926156
m2,femaleFace,male,22,northern,156.718,5,boo,1.944658646
m2,femaleFace,male,22,northern,156.718,5,boo,1.938608608
m2,femaleFace,male,22,northern,156.718,6,boo,2.051643409
m2,femaleFace,male,22,northern,156.718,6,boo,1.943943968
m2,femaleFace,male,22,northern,156.718,6,boo,1.948865542
m2,femaleFace,male,22,northern,156.718,7,boo,2.079886715
m2,femaleFace,male,22,northern,156.718,7,boo,1.848590447
m2,femaleFace,male,22,northern,156.718,7,boo,1.888653928
m2,femaleFace,male,22,northern,156.718,8,boo,2.034703397
m2,femaleFace,male,22,northern,156.718,8,boo,1.94549508
m2,femaleFace,male,22,northern,156.718,8,boo,1.979557973
m2,femaleFace,male,22,northern,156.718,9,boo,1.995739456
m2,femaleFace,male,22,northern,156.718,9,boo,1.939253777
m2,femaleFace,male,22,northern,156.718,9,boo,1.895580053
m2,femaleFace,male,22,northern,156.718,10,boo,2.199700227
m2,femaleFace,male,22,northern,156.718,10,boo,2.020067428
m2,femaleFace,male,22,northern,156.718,10,boo,1.869639857
m2,femaleFace,male,22,northern,156.718,11,boo,2.614571685
m2,femaleFace,male,22,northern,156.718,11,boo,1.969679836
m2,femaleFace,male,22,northern,156.718,11,boo,1.961064049
m3,maleFace,male,20,southern,91.227,1,bee,2.495498201
m3,maleFace,male,20,southern,91.227,1,bee,2.397589615
m3,maleFace,male,20,southern,91.227,1,bee,2.212220248
m3,maleFace,male,20,southern,91.227,2,bee,2.310625133
m3,maleFace,male,20,southern,91.227,2,bee,2.222330672
m3,maleFace,male,20,southern,91.227,2,bee,2.236334687
m3,maleFace,male,20,southern,91.227,3,bee,2.509831649
m3,maleFace,male,20,southern,91.227,3,bee,2.680120304
m3,maleFace,male,20,southern,91.227,3,bee,3.274418047
m3,maleFace,male,20,southern,91.227,4,boo,2.329143529
m3,maleFace,male,20,southern,91.227,4,boo,2.188967298
m3,maleFace,male,20,southern,91.227,4,boo,2.726353056
m3,maleFace,male,20,southern,91.227,5,boo,2.398192195
m3,maleFace,male,20,southern,91.227,5,boo,2.192165605
m3,maleFace,male,20,southern,91.227,5,boo,2.276993909
m3,maleFace,male,20,southern,91.227,6,boo,2.28155398
m3,maleFace,male,20,southern,91.227,6,boo,2.275327214
m3,maleFace,male,20,southern,91.227,6,boo,2.245714401
m3,maleFace,male,20,southern,91.227,7,boo,2.281585433
m3,maleFace,male,20,southern,91.227,7,boo,2.34966931
m3,maleFace,male,20,southern,91.227,7,boo,2.26534161
m3,maleFace,male,20,southern,91.227,8,boo,2.107011179
m3,maleFace,male,20,southern,91.227,8,boo,2.262194621
m3,maleFace,male,20,southern,91.227,8,boo,2.233359534
m3,maleFace,male,20,southern,91.227,9,boo,2.068190818
m3,maleFace,male,20,southern,91.227,9,boo,2.319084423
m3,maleFace,male,20,southern,91.227,9,boo,2.237715985
m3,maleFace,male,20,southern,91.227,10,boo,2.285311163
m3,maleFace,male,20,southern,91.227,10,boo,2.326374312
m3,maleFace,male,20,southern,91.227,10,boo,2.340528641
m3,maleFace,male,20,southern,91.227,11,boo,2.0243611
m3,maleFace,male,20,southern,91.227,11,boo,2.562839779
m3,maleFace,male,20,southern,91.227,11,boo,2.299641962
m4,maleFace,male,26,midlands,101.048,1,bee,1.894630234
m4,maleFace,male,26,midlands,101.048,1,bee,1.900982593
m4,maleFace,male,26,midlands,101.048,1,bee,1.876150219
m4,maleFace,male,26,midlands,101.048,2,bee,1.757431962
m4,maleFace,male,26,midlands,101.048,2,bee,2.222326045
m4,maleFace,male,26,midlands,101.048,2,bee,1.866844435
m4,maleFace,male,26,midlands,101.048,3,bee,4.13975517
m4,maleFace,male,26,midlands,101.048,3,boo,1.981331985
m4,maleFace,male,26,midlands,101.048,3,boo,2.076065036
m4,maleFace,male,26,midlands,101.048,4,boo,1.864162514
m4,maleFace,male,26,midlands,101.048,4,boo,1.933202029
m4,maleFace,male,26,midlands,101.048,4,boo,1.936103672
m4,maleFace,male,26,midlands,101.048,5,boo,1.892756295
m4,maleFace,male,26,midlands,101.048,5,boo,1.844846994
m4,maleFace,male,26,midlands,101.048,5,boo,1.887499749
m4,maleFace,male,26,midlands,101.048,6,boo,1.976867093
m4,maleFace,male,26,midlands,101.048,6,boo,1.778701193
m4,maleFace,male,26,midlands,101.048,6,boo,1.78457632
m4,maleFace,male,26,midlands,101.048,7,boo,1.70110603
m4,maleFace,male,26,midlands,101.048,7,boo,1.876325158
m4,maleFace,male,26,midlands,101.048,7,boo,1.871918579
m4,maleFace,male,26,midlands,101.048,8,boo,1.828742875
m4,maleFace,male,26,midlands,101.048,8,boo,1.891048431
m4,maleFace,male,26,midlands,101.048,8,boo,2.037496041
m4,maleFace,male,26,midlands,101.048,9,boo,1.794902345
m4,maleFace,male,26,midlands,101.048,9,boo,1.817364888
m4,maleFace,male,26,midlands,101.048,9,boo,1.887983045
m4,maleFace,male,26,midlands,101.048,10,boo,1.763580926
m4,maleFace,male,26,midlands,101.048,10,boo,1.791384919
m4,maleFace,male,26,midlands,101.048,10,boo,1.742313561
m4,maleFace,male,26,midlands,101.048,11,boo,1.919359511
m4,maleFace,male,26,midlands,101.048,11,boo,1.949753057
m4,maleFace,male,26,midlands,101.048,11,boo,1.86244532
m5,femaleFace,male,19,northern,249.617,1,bee,2.797791383
m5,femaleFace,male,19,northern,249.617,1,boo,3.312723919
m5,femaleFace,male,19,northern,249.617,1,boo,3.171328432
m5,femaleFace,male,19,northern,249.617,2,boo,3.810483616
m5,femaleFace,male,19,northern,249.617,2,boo,2.4332268
m5,femaleFace,male,19,northern,249.617,2,boo,2.921028384
m5,femaleFace,male,19,northern,249.617,3,boo,2.519389965
m5,femaleFace,male,19,northern,249.617,3,boo,2.369792451
m5,femaleFace,male,19,northern,249.617,3,boo,2.99273793
m5,femaleFace,male,19,northern,249.617,4,boo,2.350937358
m5,femaleFace,male,19,northern,249.617,4,boo,2.309456749
m5,femaleFace,male,19,northern,249.617,4,boo,2.531151843
m5,femaleFace,male,19,northern,249.617,5,boo,2.618298337
m5,femaleFace,male,19,northern,249.617,5,boo,2.471388921
m5,femaleFace,male,19,northern,249.617,5,boo,2.420720638
m5,femaleFace,male,19,northern,249.617,6,boo,2.51462628
m5,femaleFace,male,19,northern,249.617,6,boo,2.336906538
m5,femaleFace,male,19,northern,249.617,6,boo,2.266953079
m5,femaleFace,male,19,northern,249.617,7,boo,2.358099108
m5,femaleFace,male,19,northern,249.617,7,boo,2.171410872
m5,femaleFace,male,19,northern,249.617,7,boo,2.312412696
m5,femaleFace,male,19,northern,249.617,8,boo,2.453835332
m5,femaleFace,male,19,northern,249.617,8,boo,2.465663097
m5,femaleFace,male,19,northern,249.617,8,boo,2.361905951
m5,femaleFace,male,19,northern,249.617,9,boo,3.049679325
m5,femaleFace,male,19,northern,249.617,9,boo,2.225907519
m5,femaleFace,male,19,northern,249.617,9,boo,2.61798579
m5,femaleFace,male,19,northern,249.617,10,boo,2.485241947
m5,femaleFace,male,19,northern,249.617,10,boo,2.380820309
m5,femaleFace,male,19,northern,249.617,10,boo,2.267042473
m5,femaleFace,male,19,northern,249.617,11,boo,2.586645062
m5,femaleFace,male,19,northern,249.617,11,boo,2.440336239
m5,femaleFace,male,19,northern,249.617,11,boo,2.29783161
m6,maleFace,male,24,southern,14.284,1,bee,2.249524513
m6,maleFace,male,24,southern,14.284,1,bee,2.009736457
m6,maleFace,male,24,southern,14.284,1,bee,2.326322208
m6,maleFace,male,24,southern,14.284,2,bee,3.777958782
m6,maleFace,male,24,southern,14.284,2,bee,2.597423578
m6,maleFace,male,24,southern,14.284,2,bee,1.792404622
m6,maleFace,male,24,southern,14.284,3,bee,2.227082753
m6,maleFace,male,24,southern,14.284,3,bee,2.021896414
m6,maleFace,male,24,southern,14.284,3,bee,1.955461228
m6,maleFace,male,24,southern,14.284,4,bee,2.482016409
m6,maleFace,male,24,southern,14.284,4,boo,2.336514907
m6,maleFace,male,24,southern,14.284,4,boo,2.598632763
m6,maleFace,male,24,southern,14.284,5,bee,3.508255998
m6,maleFace,male,24,southern,14.284,5,bee,7.487292597
m6,maleFace,male,24,southern,14.284,5,boo,2.555709036
m6,maleFace,male,24,southern,14.284,6,boo,2.824510063
m6,maleFace,male,24,southern,14.284,6,boo,1.882211315
m6,maleFace,male,24,southern,14.284,6,boo,1.841845444
m6,maleFace,male,24,southern,14.284,7,boo,2.414788628
m6,maleFace,male,24,southern,14.284,7,boo,1.831147517
m6,maleFace,male,24,southern,14.284,7,boo,2.347140525
m6,maleFace,male,24,southern,14.284,8,bee,3.126170406
m6,maleFace,male,24,southern,14.284,8,boo,1.832172432
m6,maleFace,male,24,southern,14.284,8,boo,2.389987278
m6,maleFace,male,24,southern,14.284,9,boo,1.935755995
m6,maleFace,male,24,southern,14.284,9,boo,2.116572036
m6,maleFace,male,24,southern,14.284,9,boo,2.00599041
m6,maleFace,male,24,southern,14.284,10,boo,2.486339991
m6,maleFace,male,24,southern,14.284,10,boo,2.141862751
m6,maleFace,male,24,southern,14.284,10,boo,1.948347471
m6,maleFace,male,24,southern,14.284,11,boo,2.033092569
m6,maleFace,male,24,southern,14.284,11,boo,2.007818648
m6,maleFace,male,24,southern,14.284,11,boo,2.22470497
m7,femaleFace,male,30,northern,169.446,1,bee,4.847595869
m7,femaleFace,male,30,northern,169.446,1,boo,2.517379689
m7,femaleFace,male,30,northern,169.446,1,boo,2.18257688
m7,femaleFace,male,30,northern,169.446,2,bee,2.845997174
m7,femaleFace,male,30,northern,169.446,2,boo,2.97446286
m7,femaleFace,male,30,northern,169.446,2,boo,2.605195037
m7,femaleFace,male,30,northern,169.446,3,boo,2.067210979
m7,femaleFace,male,30,northern,169.446,3,boo,2.05608169
m7,femaleFace,male,30,northern,169.446,3,boo,1.972376206
m7,femaleFace,male,30,northern,169.446,4,boo,2.047477098
m7,femaleFace,male,30,northern,169.446,4,boo,2.342472067
m7,femaleFace,male,30,northern,169.446,4,boo,2.113258255
m7,femaleFace,male,30,northern,169.446,5,boo,2.632162465
m7,femaleFace,male,30,northern,169.446,5,boo,2.045887267
m7,femaleFace,male,30,northern,169.446,5,boo,1.899423546
m7,femaleFace,male,30,northern,169.446,6,boo,1.818135932
m7,femaleFace,male,30,northern,169.446,6,boo,1.990811817
m7,femaleFace,male,30,northern,169.446,6,boo,1.865395641
m7,femaleFace,male,30,northern,169.446,7,boo,2.119169276
m7,femaleFace,male,30,northern,169.446,7,boo,2.039516743
m7,femaleFace,male,30,northern,169.446,7,boo,1.908869703
m7,femaleFace,male,30,northern,169.446,8,boo,2.246066589
m7,femaleFace,male,30,northern,169.446,8,boo,2.056383982
m7,femaleFace,male,30,northern,169.446,8,boo,2.19770594
m7,femaleFace,male,30,northern,169.446,9,boo,2.111558796
m7,femaleFace,male,30,northern,169.446,9,boo,1.969842178
m7,femaleFace,male,30,northern,169.446,9,boo,2.06247787
m7,femaleFace,male,30,northern,169.446,10,boo,1.983557277
m7,femaleFace,male,30,northern,169.446,10,boo,1.821315129
m7,femaleFace,male,30,northern,169.446,10,boo,1.869373019
m7,femaleFace,male,30,northern,169.446,11,boo,2.086407918
m7,femaleFace,male,30,northern,169.446,11,boo,2.008151153
m7,femaleFace,male,30,northern,169.446,11,boo,2.325936044
m8,femaleFace,male,25,northern,167.306,1,bee,2.442907279
m8,femaleFace,male,25,northern,167.306,1,bee,2.583766451
m8,femaleFace,male,25,northern,167.306,1,bee,3.002364296
m8,femaleFace,male,25,northern,167.306,2,bee,3.799036535
m8,femaleFace,male,25,northern,167.306,2,bee,3.983752214
m8,femaleFace,male,25,northern,167.306,2,bee,3.827404109
m8,femaleFace,male,25,northern,167.306,3,boo,4.522133528
m8,femaleFace,male,25,northern,167.306,3,boo,4.140819441
m8,femaleFace,male,25,northern,167.306,3,boo,2.832410813
m8,femaleFace,male,25,northern,167.306,4,boo,2.456348768
m8,femaleFace,male,25,northern,167.306,4,boo,2.514865827
m8,femaleFace,male,25,northern,167.306,4,boo,2.805840714
m8,femaleFace,male,25,northern,167.306,5,boo,3.249972354
m8,femaleFace,male,25,northern,167.306,5,boo,2.432359164
m8,femaleFace,male,25,northern,167.306,5,boo,2.838548513
m8,femaleFace,male,25,northern,167.306,6,boo,3.429700531
m8,femaleFace,male,25,northern,167.306,6,boo,2.669842237
m8,femaleFace,male,25,northern,167.306,6,boo,2.475578989
m8,femaleFace,male,25,northern,167.306,7,boo,2.310900392
m8,femaleFace,male,25,northern,167.306,7,boo,2.794149685
m8,femaleFace,male,25,northern,167.306,7,boo,2.997126492
m8,femaleFace,male,25,northern,167.306,8,boo,2.699536146
m8,femaleFace,male,25,northern,167.306,8,boo,2.619033556
m8,femaleFace,male,25,northern,167.306,8,boo,3.377233102
m8,femaleFace,male,25,northern,167.306,9,boo,2.736762627
m8,femaleFace,male,25,northern,167.306,9,boo,2.814226166
m8,femaleFace,male,25,northern,167.306,9,boo,2.718636582
m8,femaleFace,male,25,northern,167.306,10,boo,2.342557651
m8,femaleFace,male,25,northern,167.306,10,boo,3.017424471
m8,femaleFace,male,25,northern,167.306,10,boo,2.64752628
m8,femaleFace,male,25,northern,167.306,11,boo,3.266096313
m8,femaleFace,male,25,northern,167.306,11,boo,2.859024616
m8,femaleFace,male,25,northern,167.306,11,boo,2.548409952
m9,maleFace,male,22,southern,24.929,1,bee,1.805061804
m9,maleFace,male,22,southern,24.929,1,boo,2.155404192
m9,maleFace,male,22,southern,24.929,1,boo,2.096773546
m9,maleFace,male,22,southern,24.929,2,bee,2.086839897
m9,maleFace,male,22,southern,24.929,2,boo,1.935594552
m9,maleFace,male,22,southern,24.929,2,boo,1.936422589
m9,maleFace,male,22,southern,24.929,3,bee,2.379113771
m9,maleFace,male,22,southern,24.929,3,boo,1.972874895
m9,maleFace,male,22,southern,24.929,3,boo,1.956932259
m9,maleFace,male,22,southern,24.929,4,boo,1.8515196
m9,maleFace,male,22,southern,24.929,4,boo,1.927760618
m9,maleFace,male,22,southern,24.929,4,boo,1.855470388
m9,maleFace,male,22,southern,24.929,5,boo,1.908868304
m9,maleFace,male,22,southern,24.929,5,boo,1.997271908
m9,maleFace,male,22,southern,24.929,5,boo,1.93437792
m9,maleFace,male,22,southern,24.929,6,boo,1.991631458
m9,maleFace,male,22,southern,24.929,6,boo,1.791267868
m9,maleFace,male,22,southern,24.929,6,boo,2.111658627
m9,maleFace,male,22,southern,24.929,7,boo,1.791424145
m9,maleFace,male,22,southern,24.929,7,boo,1.807393837
m9,maleFace,male,22,southern,24.929,7,boo,2.092193917
m9,maleFace,male,22,southern,24.929,8,boo,1.917363734
m9,maleFace,male,22,southern,24.929,8,boo,1.938447665
m9,maleFace,male,22,southern,24.929,8,boo,1.897931213
m9,maleFace,male,22,southern,24.929,9,boo,1.992094226
m9,maleFace,male,22,southern,24.929,9,boo,1.827654396
m9,maleFace,male,22,southern,24.929,9,boo,1.879660276
m9,maleFace,male,22,southern,24.929,10,boo,1.769584484
m9,maleFace,male,22,southern,24.929,10,boo,1.923377385
m9,maleFace,male,22,southern,24.929,10,boo,1.912370785
m9,maleFace,male,22,southern,24.929,11,boo,1.992820099
m9,maleFace,male,22,southern,24.929,11,boo,1.849982483
m9,maleFace,male,22,southern,24.929,11,boo,1.756069048
m10,femaleFace,male,23,northern,189.4,1,bee,4.218773249
m10,femaleFace,male,23,northern,189.4,1,bee,3.254369443
m10,femaleFace,male,23,northern,189.4,1,boo,2.601386395
m10,femaleFace,male,23,northern,189.4,2,bee,2.583082893
m10,femaleFace,male,23,northern,189.4,2,boo,2.242224496
m10,femaleFace,male,23,northern,189.4,2,boo,2.455273576
m10,femaleFace,male,23,northern,189.4,3,bee,2.865064027
m10,femaleFace,male,23,northern,189.4,3,boo,2.926188049
m10,femaleFace,male,23,northern,189.4,3,boo,3.427758562
m10,femaleFace,male,23,northern,189.4,4,boo,2.682078341
m10,femaleFace,male,23,northern,189.4,4,boo,2.196428826
m10,femaleFace,male,23,northern,189.4,4,boo,2.159646677
m10,femaleFace,male,23,northern,189.4,5,boo,2.337989856
m10,femaleFace,male,23,northern,189.4,5,boo,2.366174991
m10,femaleFace,male,23,northern,189.4,5,boo,2.172469028
m10,femaleFace,male,23,northern,189.4,6,boo,2.152768668
m10,femaleFace,male,23,northern,189.4,6,boo,2.093407025
m10,femaleFace,male,23,northern,189.4,6,boo,2.350272866
m10,femaleFace,male,23,northern,189.4,7,boo,2.117882988
m10,femaleFace,male,23,northern,189.4,7,boo,2.4886197
m10,femaleFace,male,23,northern,189.4,7,boo,2.174706516
m10,femaleFace,male,23,northern,189.4,8,boo,2.163887244
m10,femaleFace,male,23,northern,189.4,8,boo,2.49731604
m10,femaleFace,male,23,northern,189.4,8,boo,2.4078079
m10,femaleFace,male,23,northern,189.4,9,boo,2.564734364
m10,femaleFace,male,23,northern,189.4,9,boo,2.182456277
m10,femaleFace,male,23,northern,189.4,9,boo,2.335952676
m10,femaleFace,male,23,northern,189.4,10,boo,2.182837359
m10,femaleFace,male,23,northern,189.4,10,boo,2.224752024
m10,femaleFace,male,23,northern,189.4,10,boo,2.260167775
m10,femaleFace,male,23,northern,189.4,11,boo,3.238225623
m10,femaleFace,male,23,northern,189.4,11,boo,2.115452476
m10,femaleFace,male,23,northern,189.4,11,boo,2.366082286
m11,femaleFace,male,19,northern,156.718,1,bee,2.173121442
m11,femaleFace,male,19,northern,156.718,1,bee,2.413336808
m11,femaleFace,male,19,northern,156.718,1,bee,2.470297462
m11,femaleFace,male,19,northern,156.718,2,bee,2.359385409
m11,femaleFace,male,19,northern,156.718,2,bee,3.031900629
m11,femaleFace,male,19,northern,156.718,2,bee,2.34263767
m11,femaleFace,male,19,northern,156.718,3,bee,2.306653406
m11,femaleFace,male,19,northern,156.718,3,bee,2.573545499
m11,femaleFace,male,19,northern,156.718,3,bee,2.70326863
m11,femaleFace,male,19,northern,156.718,4,bee,3.73098729
m11,femaleFace,male,19,northern,156.718,4,bee,2.677697735
m11,femaleFace,male,19,northern,156.718,4,boo,2.891738303
m11,femaleFace,male,19,northern,156.718,5,bee,3.733254579
m11,femaleFace,male,19,northern,156.718,5,boo,3.075700548
m11,femaleFace,male,19,northern,156.718,5,boo,2.889153502
m11,femaleFace,male,19,northern,156.718,6,boo,2.331791568
m11,femaleFace,male,19,northern,156.718,6,boo,2.391604875
m11,femaleFace,male,19,northern,156.718,6,boo,2.720652719
m11,femaleFace,male,19,northern,156.718,7,boo,2.590279001
m11,femaleFace,male,19,northern,156.718,7,boo,2.243486843
m11,femaleFace,male,19,northern,156.718,7,boo,2.56534843
m11,femaleFace,male,19,northern,156.718,8,boo,2.40605023
m11,femaleFace,male,19,northern,156.718,8,boo,2.850553314
m11,femaleFace,male,19,northern,156.718,8,boo,2.794300855
m11,femaleFace,male,19,northern,156.718,9,boo,2.426858759
m11,femaleFace,male,19,northern,156.718,9,boo,2.916953278
m11,femaleFace,male,19,northern,156.718,9,boo,2.406167766
m11,femaleFace,male,19,northern,156.718,10,boo,2.278437452
m11,femaleFace,male,19,northern,156.718,10,boo,2.07854095
m11,femaleFace,male,19,northern,156.718,10,boo,2.950943401
m11,femaleFace,male,19,northern,156.718,11,boo,2.436791721
m11,femaleFace,male,19,northern,156.718,11,boo,2.892391208
m11,femaleFace,male,19,northern,156.718,11,boo,2.874099607
m12,femaleFace,male,22,southern,191.576,1,bee,2.208140687
m12,femaleFace,male,22,southern,191.576,1,bee,2.200433103
m12,femaleFace,male,22,southern,191.576,1,boo,2.402257787
m12,femaleFace,male,22,southern,191.576,2,bee,2.673955952
m12,femaleFace,male,22,southern,191.576,2,bee,2.060178121
m12,femaleFace,male,22,southern,191.576,2,bee,2.239893301
m12,femaleFace,male,22,southern,191.576,3,bee,2.770604445
m12,femaleFace,male,22,southern,191.576,3,bee,2.738243042
m12,femaleFace,male,22,southern,191.576,3,boo,2.186230846
m12,femaleFace,male,22,southern,191.576,4,boo,2.12375146
m12,femaleFace,male,22,southern,191.576,4,boo,2.350863476
m12,femaleFace,male,22,southern,191.576,4,boo,2.255759579
m12,femaleFace,male,22,southern,191.576,5,boo,2.226088973
m12,femaleFace,male,22,southern,191.576,5,boo,2.249825178
m12,femaleFace,male,22,southern,191.576,5,boo,2.021789482
m12,femaleFace,male,22,southern,191.576,6,boo,2.206696856
m12,femaleFace,male,22,southern,191.576,6,boo,2.148758889
m12,femaleFace,male,22,southern,191.576,6,boo,2.14699177
m12,femaleFace,male,22,southern,191.576,7,boo,2.255116736
m12,femaleFace,male,22,southern,191.576,7,boo,2.150829701
m12,femaleFace,male,22,southern,191.576,7,boo,2.196240162
m12,femaleFace,male,22,southern,191.576,8,boo,2.285685362
m12,femaleFace,male,22,southern,191.576,8,boo,2.173769583
m12,femaleFace,male,22,southern,191.576,8,boo,2.09006052
m12,femaleFace,male,22,southern,191.576,9,boo,2.332038162
m12,femaleFace,male,22,southern,191.576,9,boo,2.124709659
m12,femaleFace,male,22,southern,191.576,9,boo,2.194453917
m12,femaleFace,male,22,southern,191.576,10,boo,2.133831684
m12,femaleFace,male,22,southern,191.576,10,boo,2.250159195
m12,femaleFace,male,22,southern,191.576,10,boo,2.043303261
m12,femaleFace,male,22,southern,191.576,11,boo,2.389285236
m12,femaleFace,male,22,southern,191.576,11,boo,2.187843085
m12,femaleFace,male,22,southern,191.576,11,boo,2.065529858
m13,femaleFace,male,21,southern,15.421,1,bee,2.904150609
m13,femaleFace,male,21,southern,15.421,1,bee,2.087465881
m13,femaleFace,male,21,southern,15.421,1,bee,2.257299708
m13,femaleFace,male,21,southern,15.421,2,bee,2.296225112
m13,femaleFace,male,21,southern,15.421,2,bee,2.22233071
m13,femaleFace,male,21,southern,15.421,2,boo,2.768595824
m13,femaleFace,male,21,southern,15.421,3,bee,3.536528748
m13,femaleFace,male,21,southern,15.421,3,bee,3.115695324
m13,femaleFace,male,21,southern,15.421,3,bee,2.462916114
m13,femaleFace,male,21,southern,15.421,4,boo,2.448058022
m13,femaleFace,male,21,southern,15.421,4,boo,2.272572055
m13,femaleFace,male,21,southern,15.421,4,boo,4.091065878
m13,femaleFace,male,21,southern,15.421,5,boo,2.177504055
m13,femaleFace,male,21,southern,15.421,5,boo,2.099399472
m13,femaleFace,male,21,southern,15.421,5,boo,2.273100135
m13,femaleFace,male,21,southern,15.421,6,boo,2.36934512
m13,femaleFace,male,21,southern,15.421,6,boo,2.845687165
m13,femaleFace,male,21,southern,15.421,6,boo,2.139254614
m13,femaleFace,male,21,southern,15.421,7,boo,2.174083662
m13,femaleFace,male,21,southern,15.421,7,boo,2.263092265
m13,femaleFace,male,21,southern,15.421,7,boo,2.19292335
m13,femaleFace,male,21,southern,15.421,8,boo,2.085123574
m13,femaleFace,male,21,southern,15.421,8,boo,2.09249664
m13,femaleFace,male,21,southern,15.421,8,boo,1.951968009
m13,femaleFace,male,21,southern,15.421,9,boo,2.356974883
m13,femaleFace,male,21,southern,15.421,9,boo,2.16165138
m13,femaleFace,male,21,southern,15.421,9,boo,2.165424916
m13,femaleFace,male,21,southern,15.421,10,boo,2.38953953
m13,femaleFace,male,21,southern,15.421,10,boo,2.101440419
m13,femaleFace,male,21,southern,15.421,10,boo,1.949811836
m13,femaleFace,male,21,southern,15.421,11,boo,2.256121324
m13,femaleFace,male,21,southern,15.421,11,boo,2.158579464
m13,femaleFace,male,21,southern,15.421,11,boo,2.14076748
m14,femaleFace,male,20,northern,208.531,1,bee,2.084260619
m14,femaleFace,male,20,northern,208.531,1,bee,1.918784227
m14,femaleFace,male,20,northern,208.531,1,bee,1.967456031
m14,femaleFace,male,20,northern,208.531,2,bee,2.305355466
m14,femaleFace,male,20,northern,208.531,2,bee,1.959951913
m14,femaleFace,male,20,northern,208.531,2,bee,1.830649792
m14,femaleFace,male,20,northern,208.531,3,bee,2.491433895
m14,femaleFace,male,20,northern,208.531,3,bee,1.94296805
m14,femaleFace,male,20,northern,208.531,3,boo,2.036594121
m14,femaleFace,male,20,northern,208.531,4,bee,1.699546049
m14,femaleFace,male,20,northern,208.531,4,boo,2.502222639
m14,femaleFace,male,20,northern,208.531,4,boo,3.593080966
m14,femaleFace,male,20,northern,208.531,5,boo,2.622434075
m14,femaleFace,male,20,northern,208.531,5,boo,2.146271056
m14,femaleFace,male,20,northern,208.531,5,boo,2.040703986
m14,femaleFace,male,20,northern,208.531,6,boo,2.387200548
m14,femaleFace,male,20,northern,208.531,6,boo,2.242706857
m14,femaleFace,male,20,northern,208.531,6,boo,2.121671115
m14,femaleFace,male,20,northern,208.531,7,boo,2.359712972
m14,femaleFace,male,20,northern,208.531,7,boo,2.009903327
m14,femaleFace,male,20,northern,208.531,7,boo,2.102995256
m14,femaleFace,male,20,northern,208.531,8,boo,2.052372082
m14,femaleFace,male,20,northern,208.531,8,boo,1.932943899
m14,femaleFace,male,20,northern,208.531,8,boo,2.020818493
m14,femaleFace,male,20,northern,208.531,9,boo,2.120522592
m14,femaleFace,male,20,northern,208.531,9,boo,1.753128232
m14,femaleFace,male,20,northern,208.531,9,boo,1.899116123
m14,femaleFace,male,20,northern,208.531,10,boo,2.494660675
m14,femaleFace,male,20,northern,208.531,10,boo,1.778479705
m14,femaleFace,male,20,northern,208.531,10,boo,2.028672952
m14,femaleFace,male,20,northern,208.531,11,boo,2.741973285
m14,femaleFace,male,20,northern,208.531,11,boo,2.257530825
m14,femaleFace,male,20,northern,208.531,11,boo,1.876721793
m15,maleFace,male,30,northern,207.246,1,bee,2.031515204
m15,maleFace,male,30,northern,207.246,1,bee,2.004782071
m15,maleFace,male,30,northern,207.246,1,bee,1.809730401
m15,maleFace,male,30,northern,207.246,2,bee,1.875938594
m15,maleFace,male,30,northern,207.246,2,bee,2.161932645
m15,maleFace,male,30,northern,207.246,2,bee,1.824914911
m15,maleFace,male,30,northern,207.246,3,bee,1.96208631
m15,maleFace,male,30,northern,207.246,3,bee,1.930782429
m15,maleFace,male,30,northern,207.246,3,bee,1.740982128
m15,maleFace,male,30,northern,207.246,4,bee,1.999958948
m15,maleFace,male,30,northern,207.246,4,bee,2.184211656
m15,maleFace,male,30,northern,207.246,4,bee,2.074832341
m15,maleFace,male,30,northern,207.246,5,boo,2.038923659
m15,maleFace,male,30,northern,207.246,5,boo,2.14921591
m15,maleFace,male,30,northern,207.246,5,boo,1.82963727
m15,maleFace,male,30,northern,207.246,6,bee,2.350655803
m15,maleFace,male,30,northern,207.246,6,boo,2.100273275
m15,maleFace,male,30,northern,207.246,6,boo,1.823405323
m15,maleFace,male,30,northern,207.246,7,boo,2.034588026
m15,maleFace,male,30,northern,207.246,7,boo,1.931658046
m15,maleFace,male,30,northern,207.246,7,boo,1.849580059
m15,maleFace,male,30,northern,207.246,8,bee,2.323887216
m15,maleFace,male,30,northern,207.246,8,boo,2.027862991
m15,maleFace,male,30,northern,207.246,8,boo,1.977762974
m15,maleFace,male,30,northern,207.246,9,boo,1.713667271
m15,maleFace,male,30,northern,207.246,9,boo,1.913774846
m15,maleFace,male,30,northern,207.246,9,boo,1.768042742
m15,maleFace,male,30,northern,207.246,10,boo,1.873491346
m15,maleFace,male,30,northern,207.246,10,boo,2.038845753
m15,maleFace,male,30,northern,207.246,10,boo,1.883934369
m15,maleFace,male,30,northern,207.246,11,boo,2.00662847
m15,maleFace,male,30,northern,207.246,11,boo,1.874085197
m15,maleFace,male,30,northern,207.246,11,boo,2.011837853
m16,maleFace,male,22,northern,189.4,1,bee,1.855246935
m16,maleFace,male,22,northern,189.4,1,bee,1.805263799
m16,maleFace,male,22,northern,189.4,1,bee,1.934589244
m16,maleFace,male,22,northern,189.4,2,bee,2.679339604
m16,maleFace,male,22,northern,189.4,2,bee,1.85952334
m16,maleFace,male,22,northern,189.4,2,bee,1.829488208
m16,maleFace,male,22,northern,189.4,3,bee,2.303773565
m16,maleFace,male,22,northern,189.4,3,boo,2.093330777
m16,maleFace,male,22,northern,189.4,3,boo,2.615789717
m16,maleFace,male,22,northern,189.4,4,bee,2.550923367
m16,maleFace,male,22,northern,189.4,4,boo,2.04277058
m16,maleFace,male,22,northern,189.4,4,boo,1.928351207
m16,maleFace,male,22,northern,189.4,5,boo,2.335847302
m16,maleFace,male,22,northern,189.4,5,boo,2.079652999
m16,maleFace,male,22,northern,189.4,5,boo,2.037614357
m16,maleFace,male,22,northern,189.4,6,bee,2.036348742
m16,maleFace,male,22,northern,189.4,6,boo,2.091388738
m16,maleFace,male,22,northern,189.4,6,boo,2.120140995
m16,maleFace,male,22,northern,189.4,7,boo,2.220307395
m16,maleFace,male,22,northern,189.4,7,boo,1.962302606
m16,maleFace,male,22,northern,189.4,7,boo,2.236045237
m16,maleFace,male,22,northern,189.4,8,boo,2.031622165
m16,maleFace,male,22,northern,189.4,8,boo,2.109930244
m16,maleFace,male,22,northern,189.4,8,boo,1.985103257
m16,maleFace,male,22,northern,189.4,9,boo,2.756635845
m16,maleFace,male,22,northern,189.4,9,boo,2.020611833
m16,maleFace,male,22,northern,189.4,9,boo,2.724101673
m16,maleFace,male,22,northern,189.4,10,boo,2.187592688
m16,maleFace,male,22,northern,189.4,10,boo,1.78251213
m16,maleFace,male,22,northern,189.4,10,boo,2.115587489
m16,maleFace,male,22,northern,189.4,11,boo,1.940891659
m16,maleFace,male,22,northern,189.4,11,boo,1.948962108
m16,maleFace,male,22,northern,189.4,11,boo,2.479516221
m17,maleFace,male,21,northern,152.058,1,bee,2.461259762
m17,maleFace,male,21,northern,152.058,1,bee,2.27707337
m17,maleFace,male,21,northern,152.058,1,bee,2.470506379
m17,maleFace,male,21,northern,152.058,2,bee,2.132232445
m17,maleFace,male,21,northern,152.058,2,bee,3.98472825
m17,maleFace,male,21,northern,152.058,2,bee,2.682679281
m17,maleFace,male,21,northern,152.058,3,bee,2.245131687
m17,maleFace,male,21,northern,152.058,3,bee,4.383356487
m17,maleFace,male,21,northern,152.058,3,bee,2.667968724
m17,maleFace,male,21,northern,152.058,4,boo,2.450715282
m17,maleFace,male,21,northern,152.058,4,boo,2.852814311
m17,maleFace,male,21,northern,152.058,4,boo,2.335689133
m17,maleFace,male,21,northern,152.058,5,boo,2.514862857
m17,maleFace,male,21,northern,152.058,5,boo,2.259605516
m17,maleFace,male,21,northern,152.058,5,boo,2.434597934
m17,maleFace,male,21,northern,152.058,6,boo,2.301969839
m17,maleFace,male,21,northern,152.058,6,boo,2.25244442
m17,maleFace,male,21,northern,152.058,6,boo,2.190385015
m17,maleFace,male,21,northern,152.058,7,boo,2.34693287
m17,maleFace,male,21,northern,152.058,7,boo,2.197741452
m17,maleFace,male,21,northern,152.058,7,boo,2.31468791
m17,maleFace,male,21,northern,152.058,8,boo,3.236895881
m17,maleFace,male,21,northern,152.058,8,boo,2.395913981
m17,maleFace,male,21,northern,152.058,8,boo,2.211519997
m17,maleFace,male,21,northern,152.058,9,boo,2.234505097
m17,maleFace,male,21,northern,152.058,9,boo,2.252794711
m17,maleFace,male,21,northern,152.058,9,boo,2.587701814
m17,maleFace,male,21,northern,152.058,10,boo,2.121581023
m17,maleFace,male,21,northern,152.058,10,boo,2.394118161
m17,maleFace,male,21,northern,152.058,10,boo,2.281484783
m17,maleFace,male,21,northern,152.058,11,boo,2.142688194
m17,maleFace,male,21,northern,152.058,11,boo,2.21324695
m17,maleFace,male,21,northern,152.058,11,boo,2.52587086
m18,maleFace,male,20,northern,183.64,1,bee,2.179006094
m18,maleFace,male,20,northern,183.64,1,bee,1.807714395
m18,maleFace,male,20,northern,183.64,1,bee,2.072662242
m18,maleFace,male,20,northern,183.64,2,bee,1.975663404
m18,maleFace,male,20,northern,183.64,2,bee,2.152056141
m18,maleFace,male,20,northern,183.64,2,boo,2.907413826
m18,maleFace,male,20,northern,183.64,3,boo,2.136140881
m18,maleFace,male,20,northern,183.64,3,boo,2.198072591
m18,maleFace,male,20,northern,183.64,3,boo,2.380379203
m18,maleFace,male,20,northern,183.64,4,boo,2.963802066
m18,maleFace,male,20,northern,183.64,4,boo,1.858694917
m18,maleFace,male,20,northern,183.64,4,boo,2.046984913
m18,maleFace,male,20,northern,183.64,5,boo,2.016626213
m18,maleFace,male,20,northern,183.64,5,boo,2.063784665
m18,maleFace,male,20,northern,183.64,5,boo,1.814315431
m18,maleFace,male,20,northern,183.64,6,boo,1.927729622
m18,maleFace,male,20,northern,183.64,6,boo,1.799551036
m18,maleFace,male,20,northern,183.64,6,boo,1.785882461
m18,maleFace,male,20,northern,183.64,7,boo,1.748731458
m18,maleFace,male,20,northern,183.64,7,boo,1.761103152
m18,maleFace,male,20,northern,183.64,7,boo,1.882375141
m18,maleFace,male,20,northern,183.64,8,boo,1.762596899
m18,maleFace,male,20,northern,183.64,8,boo,1.766216039
m18,maleFace,male,20,northern,183.64,8,boo,2.068007929
m18,maleFace,male,20,northern,183.64,9,boo,1.750096916
m18,maleFace,male,20,northern,183.64,9,boo,1.758853202
m18,maleFace,male,20,northern,183.64,9,boo,1.76885552
m18,maleFace,male,20,northern,183.64,10,boo,1.751219792
m18,maleFace,male,20,northern,183.64,10,boo,1.834811763
m18,maleFace,male,20,northern,183.64,10,boo,1.910511415
m18,maleFace,male,20,northern,183.64,11,boo,1.772006757
m18,maleFace,male,20,northern,183.64,11,boo,2.016919178
m18,maleFace,male,20,northern,183.64,11,boo,1.665730548
m19,maleFace,male,19,northern,152.058,1,bee,2.356188095
m19,maleFace,male,19,northern,152.058,1,bee,2.155477448
m19,maleFace,male,19,northern,152.058,1,bee,2.226214661
m19,maleFace,male,19,northern,152.058,2,bee,2.124794229
m19,maleFace,male,19,northern,152.058,2,bee,2.288569397
m19,maleFace,male,19,northern,152.058,2,bee,2.135900234
m19,maleFace,male,19,northern,152.058,3,bee,2.166280177
m19,maleFace,male,19,northern,152.058,3,boo,2.521708426
m19,maleFace,male,19,northern,152.058,3,boo,2.766869579
m19,maleFace,male,19,northern,152.058,4,boo,2.141683011
m19,maleFace,male,19,northern,152.058,4,boo,2.171460706
m19,maleFace,male,19,northern,152.058,4,boo,2.175149023
m19,maleFace,male,19,northern,152.058,5,boo,2.137588781
m19,maleFace,male,19,northern,152.058,5,boo,2.154554045
m19,maleFace,male,19,northern,152.058,5,boo,2.101674708
m19,maleFace,male,19,northern,152.058,6,boo,2.255297734
m19,maleFace,male,19,northern,152.058,6,boo,2.256888941
m19,maleFace,male,19,northern,152.058,6,boo,2.13006978
m19,maleFace,male,19,northern,152.058,7,boo,2.238056674
m19,maleFace,male,19,northern,152.058,7,boo,2.031172236
m19,maleFace,male,19,northern,152.058,7,boo,2.129285102
m19,maleFace,male,19,northern,152.058,8,boo,2.347598025
m19,maleFace,male,19,northern,152.058,8,boo,2.429327349
m19,maleFace,male,19,northern,152.058,8,boo,2.07042897
m19,maleFace,male,19,northern,152.058,9,boo,2.085326923
m19,maleFace,male,19,northern,152.058,9,boo,2.186814897
m19,maleFace,male,19,northern,152.058,9,boo,2.174166023
m19,maleFace,male,19,northern,152.058,10,boo,2.388768778
m19,maleFace,male,19,northern,152.058,10,boo,2.124092323
m19,maleFace,male,19,northern,152.058,10,boo,2.100629795
m19,maleFace,male,19,northern,152.058,11,boo,3.274404804
m19,maleFace,male,19,northern,152.058,11,boo,2.360622683
m19,maleFace,male,19,northern,152.058,11,boo,2.159605449
m20,femaleFace,male,22,northern,156.718,1,bee,3.385770703
m20,femaleFace,male,22,northern,156.718,1,bee,2.243336359
m20,femaleFace,male,22,northern,156.718,1,bee,2.522020656
m20,femaleFace,male,22,northern,156.718,2,bee,2.346445738
m20,femaleFace,male,22,northern,156.718,2,bee,3.989506169
m20,femaleFace,male,22,northern,156.718,2,boo,3.209085317
m20,femaleFace,male,22,northern,156.718,3,boo,2.888525686
m20,femaleFace,male,22,northern,156.718,3,boo,2.620333233
m20,femaleFace,male,22,northern,156.718,3,boo,2.459070914
m20,femaleFace,male,22,northern,156.718,4,boo,2.474906517
m20,femaleFace,male,22,northern,156.718,4,boo,3.155478213
m20,femaleFace,male,22,northern,156.718,4,boo,6.311147133
m20,femaleFace,male,22,northern,156.718,5,boo,2.320602673
m20,femaleFace,male,22,northern,156.718,5,boo,2.404131182
m20,femaleFace,male,22,northern,156.718,5,boo,2.356790911
m20,femaleFace,male,22,northern,156.718,6,boo,2.282813294
m20,femaleFace,male,22,northern,156.718,6,boo,2.981520329
m20,femaleFace,male,22,northern,156.718,6,boo,2.161884433
m20,femaleFace,male,22,northern,156.718,7,boo,2.409750737
m20,femaleFace,male,22,northern,156.718,7,boo,2.651894187
m20,femaleFace,male,22,northern,156.718,7,boo,2.319086621
m20,femaleFace,male,22,northern,156.718,8,boo,2.163971942
m20,femaleFace,male,22,northern,156.718,8,boo,5.855387429
m20,femaleFace,male,22,northern,156.718,8,boo,2.642499237
m20,femaleFace,male,22,northern,156.718,9,boo,2.667260307
m20,femaleFace,male,22,northern,156.718,9,boo,2.435331581
m20,femaleFace,male,22,northern,156.718,9,boo,2.678280237
m20,femaleFace,male,22,northern,156.718,10,boo,2.201908987
m20,femaleFace,male,22,northern,156.718,10,boo,3.417254513
m20,femaleFace,male,22,northern,156.718,10,boo,2.344323465
m20,femaleFace,male,22,northern,156.718,11,boo,2.325422981
m20,femaleFace,male,22,northern,156.718,11,boo,2.474053635
m20,femaleFace,male,22,northern,156.718,11,boo,2.455856382
m21,maleFace,male,22,northern,194.762,1,bee,2.609019557
m21,maleFace,male,22,northern,194.762,1,bee,2.513460038
m21,maleFace,male,22,northern,194.762,1,bee,2.907036209
m21,maleFace,male,22,northern,194.762,2,bee,2.498321385
m21,maleFace,male,22,northern,194.762,2,bee,2.433146114
m21,maleFace,male,22,northern,194.762,2,bee,2.327458624
m21,maleFace,male,22,northern,194.762,3,bee,2.944433886
m21,maleFace,male,22,northern,194.762,3,bee,3.12005206
m21,maleFace,male,22,northern,194.762,3,boo,5.200563975
m21,maleFace,male,22,northern,194.762,4,bee,3.026822406
m21,maleFace,male,22,northern,194.762,4,boo,2.439671521
m21,maleFace,male,22,northern,194.762,4,boo,4.160337484
m21,maleFace,male,22,northern,194.762,5,boo,2.220073978
m21,maleFace,male,22,northern,194.762,5,boo,3.131902681
m21,maleFace,male,22,northern,194.762,5,boo,2.616895139
m21,maleFace,male,22,northern,194.762,6,boo,2.248874964
m21,maleFace,male,22,northern,194.762,6,boo,2.533373307
m21,maleFace,male,22,northern,194.762,6,boo,2.290319526
m21,maleFace,male,22,northern,194.762,7,boo,2.552373435
m21,maleFace,male,22,northern,194.762,7,boo,2.310145056
m21,maleFace,male,22,northern,194.762,7,boo,2.700499082
m21,maleFace,male,22,northern,194.762,8,boo,2.714849084
m21,maleFace,male,22,northern,194.762,8,boo,3.684868432
m21,maleFace,male,22,northern,194.762,8,boo,2.230847571
m21,maleFace,male,22,northern,194.762,9,boo,2.750932343
m21,maleFace,male,22,northern,194.762,9,boo,2.580194733
m21,maleFace,male,22,northern,194.762,9,boo,2.43845643
m21,maleFace,male,22,northern,194.762,10,boo,3.250432069
m21,maleFace,male,22,northern,194.762,10,boo,2.721765836
m21,maleFace,male,22,northern,194.762,10,boo,2.57872669
m21,maleFace,male,22,northern,194.762,11,boo,2.604678004
m21,maleFace,male,22,northern,194.762,11,boo,3.517069225
m21,maleFace,male,22,northern,194.762,11,boo,2.462774819
m22,maleFace,male,20,northern,168.699,1,bee,2.376600312
m22,maleFace,male,20,northern,168.699,1,bee,2.288383656
m22,maleFace,male,20,northern,168.699,1,bee,2.208263419
m22,maleFace,male,20,northern,168.699,2,bee,2.294988856
m22,maleFace,male,20,northern,168.699,2,bee,2.404390818
m22,maleFace,male,20,northern,168.699,2,bee,2.294893171
m22,maleFace,male,20,northern,168.699,3,bee,2.400611453
m22,maleFace,male,20,northern,168.699,3,bee,2.334323727
m22,maleFace,male,20,northern,168.699,3,bee,2.199345241
m22,maleFace,male,20,northern,168.699,4,boo,2.528255684
m22,maleFace,male,20,northern,168.699,4,boo,2.418241871
m22,maleFace,male,20,northern,168.699,4,boo,2.407685803
m22,maleFace,male,20,northern,168.699,5,boo,2.672171882
m22,maleFace,male,20,northern,168.699,5,boo,2.124354876
m22,maleFace,male,20,northern,168.699,5,boo,2.356222197
m22,maleFace,male,20,northern,168.699,6,boo,2.185393206
m22,maleFace,male,20,northern,168.699,6,boo,2.306323311
m22,maleFace,male,20,northern,168.699,6,boo,2.851952159
m22,maleFace,male,20,northern,168.699,7,boo,2.275129224
m22,maleFace,male,20,northern,168.699,7,boo,2.16121586
m22,maleFace,male,20,northern,168.699,7,boo,2.323751766
m22,maleFace,male,20,northern,168.699,8,boo,2.381152106
m22,maleFace,male,20,northern,168.699,8,boo,2.499610972
m22,maleFace,male,20,northern,168.699,8,boo,2.588429545
m22,maleFace,male,20,northern,168.699,9,boo,2.330795657
m22,maleFace,male,20,northern,168.699,9,boo,2.213251255
m22,maleFace,male,20,northern,168.699,9,boo,2.283007786
m22,maleFace,male,20,northern,168.699,10,boo,2.867688756
m22,maleFace,male,20,northern,168.699,10,boo,2.150864735
m22,maleFace,male,20,northern,168.699,10,boo,2.086497318
m22,maleFace,male,20,northern,168.699,11,boo,2.347518895
m22,maleFace,male,20,northern,168.699,11,boo,2.534259628
m22,maleFace,male,20,northern,168.699,11,boo,2.167017509
m23,maleFace,male,25,southern,50.133,1,bee,2.059114872
m23,maleFace,male,25,southern,50.133,1,bee,2.037081147
m23,maleFace,male,25,southern,50.133,1,bee,1.955458586
m23,maleFace,male,25,southern,50.133,2,bee,2.678474713
m23,maleFace,male,25,southern,50.133,2,bee,2.489901443
m23,maleFace,male,25,southern,50.133,2,bee,2.008741742
m23,maleFace,male,25,southern,50.133,3,bee,2.022418121
m23,maleFace,male,25,southern,50.133,3,boo,2.287214216
m23,maleFace,male,25,southern,50.133,3,boo,2.25420608
m23,maleFace,male,25,southern,50.133,4,boo,2.188264914
m23,maleFace,male,25,southern,50.133,4,boo,2.280847425
m23,maleFace,male,25,southern,50.133,4,boo,2.039589984
m23,maleFace,male,25,southern,50.133,5,boo,2.079569962
m23,maleFace,male,25,southern,50.133,5,boo,2.04027294
m23,maleFace,male,25,southern,50.133,5,boo,2.198613749
m23,maleFace,male,25,southern,50.133,6,boo,1.936989387
m23,maleFace,male,25,southern,50.133,6,boo,2.132388951
m23,maleFace,male,25,southern,50.133,6,boo,2.053661022
m23,maleFace,male,25,southern,50.133,7,boo,2.028602511
m23,maleFace,male,25,southern,50.133,7,boo,1.9205364
m23,maleFace,male,25,southern,50.133,7,boo,1.887221307
m23,maleFace,male,25,southern,50.133,8,boo,2.054832403
m23,maleFace,male,25,southern,50.133,8,boo,2.516454153
m23,maleFace,male,25,southern,50.133,8,boo,1.908162489
m23,maleFace,male,25,southern,50.133,9,boo,2.058915677
m23,maleFace,male,25,southern,50.133,9,boo,1.924431675
m23,maleFace,male,25,southern,50.133,9,boo,1.91618069
m23,maleFace,male,25,southern,50.133,10,boo,2.217651145
m23,maleFace,male,25,southern,50.133,10,boo,2.175130142
m23,maleFace,male,25,southern,50.133,10,boo,2.482034388
m23,maleFace,male,25,southern,50.133,11,boo,2.359897706
m23,maleFace,male,25,southern,50.133,11,boo,2.289152057
m23,maleFace,male,25,southern,50.133,11,boo,2.159268211
m24,femaleFace,male,22,northern,182.227,1,bee,2.359227345
m24,femaleFace,male,22,northern,182.227,1,bee,3.00328276
m24,femaleFace,male,22,northern,182.227,1,boo,5.080400798
m24,femaleFace,male,22,northern,182.227,2,bee,9.990739043
m24,femaleFace,male,22,northern,182.227,2,boo,2.866041277
m24,femaleFace,male,22,northern,182.227,2,boo,2.343832381
m24,femaleFace,male,22,northern,182.227,3,bee,4.080504361
m24,femaleFace,male,22,northern,182.227,3,boo,2.733930826
m24,femaleFace,male,22,northern,182.227,3,boo,2.045591972
m24,femaleFace,male,22,northern,182.227,4,bee,2.371547142
m24,femaleFace,male,22,northern,182.227,4,boo,3.135751016
m24,femaleFace,male,22,northern,182.227,4,boo,1.858194281
m24,femaleFace,male,22,northern,182.227,5,boo,2.966251062
m24,femaleFace,male,22,northern,182.227,5,boo,2.638288076
m24,femaleFace,male,22,northern,182.227,5,boo,2.521427042
m24,femaleFace,male,22,northern,182.227,6,boo,2.54512104
m24,femaleFace,male,22,northern,182.227,6,boo,2.034840548
m24,femaleFace,male,22,northern,182.227,6,boo,1.850216199
m24,femaleFace,male,22,northern,182.227,7,boo,1.899413283
m24,femaleFace,male,22,northern,182.227,7,boo,2.058779459
m24,femaleFace,male,22,northern,182.227,7,boo,1.978552199
m24,femaleFace,male,22,northern,182.227,8,boo,2.352354868
m24,femaleFace,male,22,northern,182.227,8,boo,1.871420954
m24,femaleFace,male,22,northern,182.227,8,boo,2.061349874
m24,femaleFace,male,22,northern,182.227,9,boo,2.182612334
m24,femaleFace,male,22,northern,182.227,9,boo,1.857300934
m24,femaleFace,male,22,northern,182.227,9,boo,1.856544738
m24,femaleFace,male,22,northern,182.227,10,boo,2.354389275
m24,femaleFace,male,22,northern,182.227,10,boo,6.806214992
m24,femaleFace,male,22,northern,182.227,10,boo,1.804788902
m24,femaleFace,male,22,northern,182.227,11,boo,3.375334655
m24,femaleFace,male,22,northern,182.227,11,boo,2.39459877
m24,femaleFace,male,22,northern,182.227,11,boo,2.544650808
m25,femaleFace,male,19,southern,110.327,1,bee,1.972877907
m25,femaleFace,male,19,southern,110.327,1,bee,1.940127906
m25,femaleFace,male,19,southern,110.327,1,bee,1.859336827
m25,femaleFace,male,19,southern,110.327,2,bee,1.975709122
m25,femaleFace,male,19,southern,110.327,2,bee,1.897341998
m25,femaleFace,male,19,southern,110.327,2,bee,1.847318743
m25,femaleFace,male,19,southern,110.327,3,bee,2.181798589
m25,femaleFace,male,19,southern,110.327,3,bee,1.893828755
m25,femaleFace,male,19,southern,110.327,3,boo,2.507218454
m25,femaleFace,male,19,southern,110.327,4,bee,2.1772651
m25,femaleFace,male,19,southern,110.327,4,boo,1.893456018
m25,femaleFace,male,19,southern,110.327,4,boo,1.86500672
m25,femaleFace,male,19,southern,110.327,5,boo,1.994295119
m25,femaleFace,male,19,southern,110.327,5,boo,2.039353369
m25,femaleFace,male,19,southern,110.327,5,boo,1.900095307
m25,femaleFace,male,19,southern,110.327,6,boo,2.123393184
m25,femaleFace,male,19,southern,110.327,6,boo,1.804888312
m25,femaleFace,male,19,southern,110.327,6,boo,1.84642772
m25,femaleFace,male,19,southern,110.327,7,boo,2.100993048
m25,femaleFace,male,19,southern,110.327,7,boo,1.90043119
m25,femaleFace,male,19,southern,110.327,7,boo,1.839576172
m25,femaleFace,male,19,southern,110.327,8,boo,1.908143439
m25,femaleFace,male,19,southern,110.327,8,boo,1.854592012
m25,femaleFace,male,19,southern,110.327,8,boo,1.80935509
m25,femaleFace,male,19,southern,110.327,9,boo,1.881339035
m25,femaleFace,male,19,southern,110.327,9,boo,1.954802265
m25,femaleFace,male,19,southern,110.327,9,boo,1.866173914
m25,femaleFace,male,19,southern,110.327,10,boo,2.301249812
m25,femaleFace,male,19,southern,110.327,10,boo,2.261182225
m25,femaleFace,male,19,southern,110.327,10,boo,1.926415945
m25,femaleFace,male,19,southern,110.327,11,boo,1.973830509
m25,femaleFace,male,19,southern,110.327,11,boo,1.966676665
m25,femaleFace,male,19,southern,110.327,11,boo,1.960646164
m26,femaleFace,male,20,midlands,135.669,1,bee,3.61774769
m26,femaleFace,male,20,midlands,135.669,1,bee,4.268438935
m26,femaleFace,male,20,midlands,135.669,1,boo,3.841418936
m26,femaleFace,male,20,midlands,135.669,2,bee,3.166872493
m26,femaleFace,male,20,midlands,135.669,2,boo,4.7648122
m26,femaleFace,male,20,midlands,135.669,2,boo,3.669238776
m26,femaleFace,male,20,midlands,135.669,3,boo,2.900876654
m26,femaleFace,male,20,midlands,135.669,3,boo,2.68270047
m26,femaleFace,male,20,midlands,135.669,3,boo,2.711345183
m26,femaleFace,male,20,midlands,135.669,4,boo,3.423412137
m26,femaleFace,male,20,midlands,135.669,4,boo,2.595331068
m26,femaleFace,male,20,midlands,135.669,4,boo,2.893583786
m26,femaleFace,male,20,midlands,135.669,5,boo,2.546679389
m26,femaleFace,male,20,midlands,135.669,5,boo,2.817914028
m26,femaleFace,male,20,midlands,135.669,5,boo,2.617932106
m26,femaleFace,male,20,midlands,135.669,6,boo,2.501335277
m26,femaleFace,male,20,midlands,135.669,6,boo,2.667958129
m26,femaleFace,male,20,midlands,135.669,6,boo,2.729850666
m26,femaleFace,male,20,midlands,135.669,7,boo,3.030965306
m26,femaleFace,male,20,midlands,135.669,7,boo,3.247937655
m26,femaleFace,male,20,midlands,135.669,7,boo,2.509387991
m26,femaleFace,male,20,midlands,135.669,8,boo,2.688189573
m26,femaleFace,male,20,midlands,135.669,8,boo,2.788584296
m26,femaleFace,male,20,midlands,135.669,8,boo,2.663584461
m26,femaleFace,male,20,midlands,135.669,9,boo,3.017246357
m26,femaleFace,male,20,midlands,135.669,9,boo,3.083604273
m26,femaleFace,male,20,midlands,135.669,9,boo,2.551004388
m26,femaleFace,male,20,midlands,135.669,10,boo,2.458901756
m26,femaleFace,male,20,midlands,135.669,10,boo,2.898020692
m26,femaleFace,male,20,midlands,135.669,10,boo,2.815089851
m26,femaleFace,male,20,midlands,135.669,11,boo,3.752955951
m26,femaleFace,male,20,midlands,135.669,11,boo,2.811107859
m26,femaleFace,male,20,midlands,135.669,11,boo,2.879213918
